Datetime,Key,Number,Action,Time,Mistakes
2023-11-08 00:11:49.413,N/A,N/A,start,N/A,N/A
2023-11-08 00:11:50.812,k,1,pressed,84,0
2023-11-08 00:11:50.929,k,1,released,91,0
2023-11-08 00:11:51.745,j,26,pressed,140,0
2023-11-08 00:11:51.862,j,26,released,147,1
2023-11-08 00:11:52.096,h,2,pressed,161,1
2023-11-08 00:11:52.295,h,2,released,173,1
2023-11-08 00:11:52.462,c,3,pressed,183,1
2023-11-08 00:11:52.695,c,3,released,197,1
2023-11-08 00:11:52.928,t,4,pressed,211,1
2023-11-08 00:11:53.145,t,4,released,224,1
2023-11-08 00:11:53.445,i,23,pressed,242,1
2023-11-08 00:11:53.678,i,23,released,256,2
2023-11-08 00:11:53.862,u,5,pressed,267,2
2023-11-08 00:11:54.061,u,5,released,279,2
2023-11-08 00:11:54.096,f,6,pressed,281,2
2023-11-08 00:11:54.295,f,6,released,293,2
2023-11-08 00:11:54.861,m,14,pressed,327,2
2023-11-08 00:11:55.078,m,14,released,340,3
2023-11-08 00:11:55.345,n,7,pressed,356,3
2023-11-08 00:11:55.528,n,7,released,367,3
2023-11-08 00:11:55.812,w,8,pressed,384,3
2023-11-08 00:11:56.045,w,8,released,398,3
2023-11-08 00:11:56.128,q,9,pressed,403,3
2023-11-08 00:11:56.361,q,9,released,417,3
2023-11-08 00:11:56.944,y,10,pressed,452,3
2023-11-08 00:11:56.945,l,21,pressed,452,3
2023-11-08 00:11:57.061,l,21,released,459,4
2023-11-08 00:11:57.178,y,10,released,466,4
2023-11-08 00:11:58.844,n,7,pressed,566,4
2023-11-08 00:11:59.028,n,7,released,577,5
2023-11-08 00:11:59.378,b,11,pressed,598,5
2023-11-08 00:11:59.544,b,11,released,608,5
2023-11-08 00:12:00.644,i,23,pressed,674,5
2023-11-08 00:12:00.827,i,23,released,685,6
2023-11-08 00:12:01.110,o,12,pressed,702,6
2023-11-08 00:12:01.294,o,12,released,713,6
2023-11-08 00:12:01.611,r,13,pressed,732,6
2023-11-08 00:12:01.811,r,13,released,744,6
2023-11-08 00:12:03.144,m,14,pressed,824,6
2023-11-08 00:12:03.327,m,14,released,835,6
2023-11-08 00:12:03.527,z,15,pressed,847,6
2023-11-08 00:12:03.727,z,15,released,859,6
2023-11-08 00:12:04.010,a,16,pressed,876,6
2023-11-08 00:12:04.193,a,16,released,887,6
2023-11-08 00:12:04.527,v,17,pressed,907,6
2023-11-08 00:12:04.793,v,17,released,923,6
2023-11-08 00:12:05.860,s,18,pressed,987,6
2023-11-08 00:12:06.060,s,18,released,999,6
2023-11-08 00:12:06.943,x,19,pressed,1052,6
2023-11-08 00:12:07.110,x,19,released,1062,6
2023-11-08 00:12:07.426,d,20,pressed,1081,6
2023-11-08 00:12:07.627,d,20,released,1093,6
2023-11-08 00:12:07.893,l,21,pressed,1109,6
2023-11-08 00:12:08.060,l,21,released,1119,6
2023-11-08 00:12:08.526,p,22,pressed,1147,6
2023-11-08 00:12:08.726,p,22,released,1159,6
2023-11-08 00:12:09.426,u,5,pressed,1201,6
2023-11-08 00:12:09.610,u,5,released,1212,7
2023-11-08 00:12:10.026,i,23,pressed,1237,7
2023-11-08 00:12:10.243,i,23,released,1250,7
2023-11-08 00:12:10.476,e,24,pressed,1264,7
2023-11-08 00:12:10.693,e,24,released,1277,7
2023-11-08 00:12:10.943,g,25,pressed,1292,7
2023-11-08 00:12:11.159,g,25,released,1305,7
2023-11-08 00:12:11.376,h,2,pressed,1318,7
2023-11-08 00:12:11.592,h,2,released,1331,8
2023-11-08 00:12:11.926,j,26,pressed,1351,8
2023-11-08 00:12:11.943,N/A,N/A,end,N/A,N/A
2023-11-08 00:13:33.480,N/A,N/A,start,N/A,N/A
2023-11-08 00:13:34.244,d,19,pressed,44,0
2023-11-08 00:13:34.397,d,19,released,53,1
2023-11-08 00:13:34.830,f,1,pressed,79,1
2023-11-08 00:13:35.047,f,1,released,92,1
2023-11-08 00:13:35.081,s,2,pressed,94,1
2023-11-08 00:13:35.314,s,2,released,108,1
2023-11-08 00:13:35.614,v,3,pressed,126,1
2023-11-08 00:13:35.814,v,3,released,138,1
2023-11-08 00:13:36.080,j,4,pressed,154,1
2023-11-08 00:13:36.264,j,4,released,165,1
2023-11-08 00:13:36.783,q,6,pressed,196,1
2023-11-08 00:13:37.033,q,6,released,211,2
2023-11-08 00:13:37.533,j,4,pressed,241,2
2023-11-08 00:13:37.700,j,4,released,251,3
2023-11-08 00:13:37.883,h,5,pressed,262,3
2023-11-08 00:13:38.099,q,6,pressed,275,3
2023-11-08 00:13:38.100,h,5,released,275,3
2023-11-08 00:13:38.283,q,6,released,286,3
2023-11-08 00:13:38.450,t,7,pressed,296,3
2023-11-08 00:13:38.516,r,22,pressed,300,3
2023-11-08 00:13:38.599,r,22,released,305,4
2023-11-08 00:13:38.650,t,7,released,308,4
2023-11-08 00:13:39.216,l,8,pressed,342,4
2023-11-08 00:13:39.433,l,8,released,355,4
2023-11-08 00:13:39.699,o,9,pressed,371,4
2023-11-08 00:13:39.899,o,9,released,383,4
2023-11-08 00:13:42.266,n,10,pressed,525,4
2023-11-08 00:13:42.432,n,10,released,535,4
2023-11-08 00:13:42.732,b,11,pressed,553,4
2023-11-08 00:13:42.932,b,11,released,565,4
2023-11-08 00:13:44.882,w,20,pressed,682,4
2023-11-08 00:13:45.016,w,20,released,690,5
2023-11-08 00:13:45.616,e,12,pressed,726,5
2023-11-08 00:13:45.832,e,12,released,739,5
2023-11-08 00:13:46.382,p,13,pressed,772,5
2023-11-08 00:13:46.598,p,13,released,785,5
2023-11-08 00:13:49.631,a,15,pressed,967,5
2023-11-08 00:13:49.765,a,15,released,975,6
2023-11-08 00:13:51.315,c,14,pressed,1068,6
2023-11-08 00:13:51.465,c,14,released,1077,6
2023-11-08 00:13:51.715,a,15,pressed,1092,6
2023-11-08 00:13:51.848,a,15,released,1100,6
2023-11-08 00:13:52.631,k,16,pressed,1147,6
2023-11-08 00:13:52.831,k,16,released,1159,6
2023-11-08 00:13:53.597,x,17,pressed,1205,6
2023-11-08 00:13:53.781,x,17,released,1216,6
2023-11-08 00:13:54.464,m,18,pressed,1257,6
2023-11-08 00:13:54.647,m,18,released,1268,6
2023-11-08 00:13:55.348,d,19,pressed,1310,6
2023-11-08 00:13:55.530,d,19,released,1321,6
2023-11-08 00:13:56.114,w,20,pressed,1356,6
2023-11-08 00:13:56.280,w,20,released,1366,6
2023-11-08 00:13:57.280,i,21,pressed,1426,6
2023-11-08 00:13:57.413,i,21,released,1434,6
2023-11-08 00:13:57.830,r,22,pressed,1459,6
2023-11-08 00:13:58.064,r,22,released,1473,6
2023-11-08 00:13:58.447,t,7,pressed,1496,6
2023-11-08 00:13:58.630,t,7,released,1507,7
2023-11-08 00:13:59.330,y,23,pressed,1549,7
2023-11-08 00:13:59.530,y,23,released,1561,7
2023-11-08 00:13:59.680,z,24,pressed,1570,7
2023-11-08 00:13:59.863,z,24,released,1581,7
2023-11-08 00:14:00.180,i,21,pressed,1600,7
2023-11-08 00:14:00.363,i,21,released,1611,8
2023-11-08 00:14:00.613,u,25,pressed,1626,8
2023-11-08 00:14:00.780,u,25,released,1636,8
2023-11-08 00:14:00.863,g,26,pressed,1641,8
2023-11-08 00:14:00.880,N/A,N/A,end,N/A,N/A
2023-11-08 00:14:38.357,N/A,N/A,start,N/A,N/A
2023-11-08 00:14:39.342,g,1,pressed,58,0
2023-11-08 00:14:39.540,g,1,released,70,0
2023-11-08 00:14:40.690,p,2,pressed,139,0
2023-11-08 00:14:40.890,p,2,released,151,0
2023-11-08 00:14:41.140,x,3,pressed,166,0
2023-11-08 00:14:41.307,x,3,released,176,0
2023-11-08 00:14:41.590,s,20,pressed,193,0
2023-11-08 00:14:41.790,s,20,released,205,1
2023-11-08 00:14:42.240,d,4,pressed,232,1
2023-11-08 00:14:42.473,d,4,released,246,1
2023-11-08 00:14:42.756,i,5,pressed,263,1
2023-11-08 00:14:42.940,i,5,released,274,1
2023-11-08 00:14:43.623,t,6,pressed,315,1
2023-11-08 00:14:43.823,t,6,released,327,1
2023-11-08 00:14:44.156,m,7,pressed,347,1
2023-11-08 00:14:44.373,m,7,released,360,1
2023-11-08 00:14:44.640,v,12,pressed,376,1
2023-11-08 00:14:44.706,v,12,released,380,2
2023-11-08 00:14:45.023,b,8,pressed,399,2
2023-11-08 00:14:45.173,b,8,released,408,2
2023-11-08 00:14:45.456,j,9,pressed,425,2
2023-11-08 00:14:45.656,j,9,released,437,2
2023-11-08 00:14:46.056,k,10,pressed,461,2
2023-11-08 00:14:46.223,k,10,released,471,2
2023-11-08 00:14:47.373,t,6,pressed,540,2
2023-11-08 00:14:47.556,t,6,released,551,3
2023-11-08 00:14:47.756,y,11,pressed,563,3
2023-11-08 00:14:47.922,y,11,released,573,3
2023-11-08 00:14:48.256,c,25,pressed,593,3
2023-11-08 00:14:48.472,c,25,released,606,4
2023-11-08 00:14:48.805,v,12,pressed,626,4
2023-11-08 00:14:49.006,v,12,released,638,4
2023-11-08 00:14:49.355,e,13,pressed,659,4
2023-11-08 00:14:49.639,e,13,released,676,4
2023-11-08 00:14:51.139,n,14,pressed,766,4
2023-11-08 00:14:51.322,n,14,released,777,4
2023-11-08 00:14:51.538,h,15,pressed,790,4
2023-11-08 00:14:51.772,h,15,released,804,4
2023-11-08 00:14:52.138,l,16,pressed,826,4
2023-11-08 00:14:52.439,l,16,released,844,4
2023-11-08 00:14:53.222,a,17,pressed,891,4
2023-11-08 00:14:53.405,a,17,released,902,4
2023-11-08 00:14:53.722,q,18,pressed,921,4
2023-11-08 00:14:53.955,q,18,released,935,4
2023-11-08 00:14:54.105,t,6,pressed,944,4
2023-11-08 00:14:54.138,r,19,pressed,946,5
2023-11-08 00:14:54.206,t,6,released,950,5
2023-11-08 00:14:54.255,r,19,released,953,5
2023-11-08 00:14:55.222,s,20,pressed,1011,5
2023-11-08 00:14:55.421,s,20,released,1023,5
2023-11-08 00:14:55.905,o,21,pressed,1052,5
2023-11-08 00:14:56.121,o,21,released,1065,5
2023-11-08 00:14:56.321,w,22,pressed,1077,5
2023-11-08 00:14:56.538,w,22,released,1090,5
2023-11-08 00:14:57.187,u,23,pressed,1129,5
2023-11-08 00:14:57.405,u,23,released,1142,5
2023-11-08 00:14:57.721,z,24,pressed,1161,5
2023-11-08 00:14:58.004,z,24,released,1178,5
2023-11-08 00:14:58.437,c,25,pressed,1204,5
2023-11-08 00:14:58.637,c,25,released,1216,5
2023-11-08 00:14:58.770,g,1,pressed,1224,5
2023-11-08 00:14:58.837,f,26,pressed,1228,6
2023-11-08 00:14:58.854,g,1,released,1229,6
2023-11-08 00:15:03.837,N/A,N/A,start,N/A,N/A
2023-11-08 00:15:04.471,q,1,pressed,38,0
2023-11-08 00:15:04.653,q,1,released,49,0
2023-11-08 00:15:04.937,r,2,pressed,66,0
2023-11-08 00:15:05.136,r,2,released,78,0
2023-11-08 00:15:05.453,c,3,pressed,97,0
2023-11-08 00:15:05.703,c,3,released,112,0
2023-11-08 00:15:06.119,o,4,pressed,137,0
2023-11-08 00:15:06.303,o,4,released,148,0
2023-11-08 00:15:06.570,d,5,pressed,164,0
2023-11-08 00:15:06.770,d,5,released,176,0
2023-11-08 00:15:07.603,u,19,pressed,226,0
2023-11-08 00:15:07.820,u,19,released,239,1
2023-11-08 00:15:08.236,i,6,pressed,264,1
2023-11-08 00:15:08.452,i,6,released,277,1
2023-11-08 00:15:08.620,f,8,pressed,287,1
2023-11-08 00:15:08.819,f,8,released,299,2
2023-11-08 00:15:09.252,g,7,pressed,325,2
2023-11-08 00:15:09.436,g,7,released,336,2
2023-11-08 00:15:09.519,f,8,pressed,341,2
2023-11-08 00:15:09.702,f,8,released,352,2
2023-11-08 00:15:09.919,k,9,pressed,365,2
2023-11-08 00:15:10.069,k,9,released,374,2
2023-11-08 00:15:11.285,x,10,pressed,447,2
2023-11-08 00:15:11.503,x,10,released,460,2
2023-11-08 00:15:12.069,h,11,pressed,494,2
2023-11-08 00:15:12.269,h,11,released,506,2
2023-11-08 00:15:14.735,m,12,pressed,654,2
2023-11-08 00:15:14.936,m,12,released,666,2
2023-11-08 00:15:15.636,w,13,pressed,708,2
2023-11-08 00:15:15.818,w,13,released,719,2
2023-11-08 00:15:16.018,l,14,pressed,731,2
2023-11-08 00:15:16.235,l,14,released,744,2
2023-11-08 00:15:16.419,j,15,pressed,755,2
2023-11-08 00:15:16.618,j,15,released,767,2
2023-11-08 00:15:17.801,p,16,pressed,838,2
2023-11-08 00:15:18.001,p,16,released,850,2
2023-11-08 00:15:18.885,n,17,pressed,903,2
2023-11-08 00:15:19.084,n,17,released,915,2
2023-11-08 00:15:19.334,b,18,pressed,930,2
2023-11-08 00:15:19.518,b,18,released,941,2
2023-11-08 00:15:20.185,u,19,pressed,981,2
2023-11-08 00:15:20.368,u,19,released,992,2
2023-11-08 00:15:21.701,y,21,pressed,1072,2
2023-11-08 00:15:21.817,y,21,released,1079,3
2023-11-08 00:15:22.134,t,20,pressed,1098,3
2023-11-08 00:15:22.317,t,20,released,1109,3
2023-11-08 00:15:22.534,y,21,pressed,1122,3
2023-11-08 00:15:22.768,y,21,released,1136,3
2023-11-08 00:15:22.900,s,22,pressed,1144,3
2023-11-08 00:15:23.135,s,22,released,1158,3
2023-11-08 00:15:23.301,a,23,pressed,1168,3
2023-11-08 00:15:23.468,a,23,released,1178,3
2023-11-08 00:15:23.651,z,24,pressed,1189,3
2023-11-08 00:15:23.834,z,24,released,1200,3
2023-11-08 00:15:24.034,b,18,pressed,1212,3
2023-11-08 00:15:24.201,b,18,released,1222,4
2023-11-08 00:15:24.434,v,25,pressed,1236,4
2023-11-08 00:15:24.600,v,25,released,1246,4
2023-11-08 00:15:24.684,e,26,pressed,1251,4
2023-11-08 00:15:24.701,N/A,N/A,end,N/A,N/A
2023-11-08 00:15:29.734,N/A,N/A,start,N/A,N/A
2023-11-08 00:15:30.750,u,1,pressed,61,0
2023-11-08 00:15:30.933,u,1,released,72,0
2023-11-08 00:15:31.200,s,2,pressed,88,0
2023-11-08 00:15:31.383,s,2,released,99,0
2023-11-08 00:15:31.599,a,3,pressed,112,0
2023-11-08 00:15:31.749,a,3,released,121,0
2023-11-08 00:15:31.949,q,4,pressed,133,0
2023-11-08 00:15:32.149,q,4,released,145,0
2023-11-08 00:15:32.466,h,5,pressed,164,0
2023-11-08 00:15:32.649,h,5,released,175,0
2023-11-08 00:15:33.082,k,6,pressed,201,0
2023-11-08 00:15:33.249,k,6,released,211,0
2023-11-08 00:15:33.766,o,7,pressed,242,0
2023-11-08 00:15:33.950,o,7,released,253,0
2023-11-08 00:15:34.066,j,8,pressed,260,0
2023-11-08 00:15:34.266,j,8,released,272,0
2023-11-08 00:15:34.482,b,9,pressed,285,0
2023-11-08 00:15:34.683,b,9,released,297,0
2023-11-08 00:15:35.149,t,10,pressed,325,0
2023-11-08 00:15:35.349,t,10,released,337,0
2023-11-08 00:15:36.966,p,11,pressed,434,0
2023-11-08 00:15:37.149,p,11,released,445,0
2023-11-08 00:15:39.149,c,12,pressed,565,0
2023-11-08 00:15:39.316,c,12,released,575,0
2023-11-08 00:15:39.599,l,13,pressed,592,0
2023-11-08 00:15:39.765,l,13,released,602,0
2023-11-08 00:15:41.232,m,14,pressed,690,0
2023-11-08 00:15:41.433,m,14,released,702,0
2023-11-08 00:15:41.815,z,15,pressed,725,0
2023-11-08 00:15:42.032,z,15,released,738,0
2023-11-08 00:15:42.349,x,16,pressed,757,0
2023-11-08 00:15:42.516,x,16,released,767,0
2023-11-08 00:15:43.315,w,17,pressed,815,0
2023-11-08 00:15:43.515,w,17,released,827,0
2023-11-08 00:15:44.081,g,18,pressed,861,0
2023-11-08 00:15:44.248,g,18,released,871,0
2023-11-08 00:15:44.732,r,19,pressed,900,0
2023-11-08 00:15:44.798,r,19,released,904,0
2023-11-08 00:15:45.532,c,12,pressed,948,0
2023-11-08 00:15:45.748,c,12,released,961,1
2023-11-08 00:15:46.131,v,20,pressed,984,1
2023-11-08 00:15:46.298,v,20,released,994,1
2023-11-08 00:15:46.414,s,2,pressed,1001,1
2023-11-08 00:15:46.598,s,2,released,1012,2
2023-11-08 00:15:46.949,d,21,pressed,1033,2
2023-11-08 00:15:47.115,d,21,released,1043,2
2023-11-08 00:15:47.248,e,22,pressed,1051,2
2023-11-08 00:15:47.431,e,22,released,1062,2
2023-11-08 00:15:48.281,n,23,pressed,1113,2
2023-11-08 00:15:48.431,n,23,released,1122,2
2023-11-08 00:15:48.764,u,1,pressed,1142,2
2023-11-08 00:15:48.898,u,1,released,1150,3
2023-11-08 00:15:49.064,y,24,pressed,1160,3
2023-11-08 00:15:49.266,y,24,released,1172,3
2023-11-08 00:15:49.548,i,25,pressed,1189,3
2023-11-08 00:15:49.781,i,25,released,1203,3
2023-11-08 00:15:49.864,d,21,pressed,1208,3
2023-11-08 00:15:50.064,d,21,released,1220,4
2023-11-08 00:15:50.314,f,26,pressed,1235,4
2023-11-08 00:15:50.331,N/A,N/A,end,N/A,N/A
2023-11-08 00:15:55.364,N/A,N/A,start,N/A,N/A
2023-11-08 00:15:56.447,i,11,pressed,65,0
2023-11-08 00:15:56.613,i,11,released,75,1
2023-11-08 00:15:57.063,u,1,pressed,102,1
2023-11-08 00:15:57.230,u,1,released,112,1
2023-11-08 00:15:57.363,n,2,pressed,120,1
2023-11-08 00:15:57.613,n,2,released,135,1
2023-11-08 00:15:58.213,c,3,pressed,171,1
2023-11-08 00:15:58.380,c,3,released,181,1
2023-11-08 00:15:58.796,b,4,pressed,206,1
2023-11-08 00:15:58.946,b,4,released,215,1
2023-11-08 00:15:59.546,w,5,pressed,251,1
2023-11-08 00:15:59.763,w,5,released,264,1
2023-11-08 00:16:00.213,h,6,pressed,291,1
2023-11-08 00:16:00.396,h,6,released,302,1
2023-11-08 00:16:01.296,x,7,pressed,356,1
2023-11-08 00:16:01.462,x,7,released,366,1
2023-11-08 00:16:01.729,s,8,pressed,382,1
2023-11-08 00:16:01.929,s,8,released,394,1
2023-11-08 00:16:02.079,d,9,pressed,403,1
2023-11-08 00:16:02.263,d,9,released,414,1
2023-11-08 00:16:03.546,z,10,pressed,491,1
2023-11-08 00:16:03.762,z,10,released,504,1
2023-11-08 00:16:03.912,i,11,pressed,513,1
2023-11-08 00:16:04.128,i,11,released,526,1
2023-11-08 00:16:05.512,w,5,pressed,609,1
2023-11-08 00:16:05.612,w,5,released,615,2
2023-11-08 00:16:05.879,e,12,pressed,631,2
2023-11-08 00:16:06.028,e,12,released,640,2
2023-11-08 00:16:07.344,g,13,pressed,719,2
2023-11-08 00:16:07.445,g,13,released,725,2
2023-11-08 00:16:08.779,m,14,pressed,805,2
2023-11-08 00:16:09.045,m,14,released,821,2
2023-11-08 00:16:09.329,i,11,pressed,838,2
2023-11-08 00:16:09.528,i,11,released,850,3
2023-11-08 00:16:09.894,o,15,pressed,872,3
2023-11-08 00:16:10.095,o,15,released,884,3
2023-11-08 00:16:10.294,p,16,pressed,896,3
2023-11-08 00:16:10.528,p,16,released,910,3
2023-11-08 00:16:10.995,f,17,pressed,938,3
2023-11-08 00:16:11.180,f,17,released,949,3
2023-11-08 00:16:11.744,l,18,pressed,983,3
2023-11-08 00:16:11.944,l,18,released,995,3
2023-11-08 00:16:12.961,q,19,pressed,1056,3
2023-11-08 00:16:13.161,q,19,released,1068,3
2023-11-08 00:16:13.494,y,20,pressed,1088,3
2023-11-08 00:16:13.628,y,20,released,1096,3
2023-11-08 00:16:13.894,j,21,pressed,1112,3
2023-11-08 00:16:14.077,j,21,released,1123,3
2023-11-08 00:16:14.278,k,22,pressed,1135,3
2023-11-08 00:16:14.477,k,22,released,1147,3
2023-11-08 00:16:15.044,e,12,pressed,1181,3
2023-11-08 00:16:15.161,e,12,released,1188,4
2023-11-08 00:16:15.577,r,23,pressed,1213,4
2023-11-08 00:16:15.794,r,23,released,1226,4
2023-11-08 00:16:15.910,c,3,pressed,1233,4
2023-11-08 00:16:16.144,c,3,released,1247,5
2023-11-08 00:16:16.443,v,24,pressed,1265,5
2023-11-08 00:16:16.644,v,24,released,1277,5
2023-11-08 00:16:16.761,t,25,pressed,1284,5
2023-11-08 00:16:16.944,t,25,released,1295,5
2023-11-08 00:16:17.110,a,26,pressed,1305,5
2023-11-08 00:16:17.127,N/A,N/A,end,N/A,N/A
2023-11-08 00:16:25.942,N/A,N/A,start,N/A,N/A
2023-11-08 00:16:26.959,n,6,pressed,61,0
2023-11-08 00:16:27.176,n,6,released,74,1
2023-11-08 00:16:27.376,b,1,pressed,86,1
2023-11-08 00:16:27.576,b,1,released,98,1
2023-11-08 00:16:27.675,z,2,pressed,104,1
2023-11-08 00:16:27.892,z,2,released,117,1
2023-11-08 00:16:29.042,k,24,pressed,186,1
2023-11-08 00:16:29.109,k,24,released,190,2
2023-11-08 00:16:29.325,j,3,pressed,203,2
2023-11-08 00:16:29.477,j,3,released,212,2
2023-11-08 00:16:29.742,s,4,pressed,228,2
2023-11-08 00:16:29.909,s,4,released,238,2
2023-11-08 00:16:30.292,t,21,pressed,261,2
2023-11-08 00:16:30.325,y,5,pressed,263,3
2023-11-08 00:16:30.409,t,21,released,268,3
2023-11-08 00:16:30.442,y,5,released,270,3
2023-11-08 00:16:30.925,n,6,pressed,299,3
2023-11-08 00:16:31.158,n,6,released,313,3
2023-11-08 00:16:31.425,o,7,pressed,329,3
2023-11-08 00:16:31.642,o,7,released,342,3
2023-11-08 00:16:31.792,u,8,pressed,351,3
2023-11-08 00:16:31.975,u,8,released,362,3
2023-11-08 00:16:32.425,r,9,pressed,389,3
2023-11-08 00:16:32.625,r,9,released,401,3
2023-11-08 00:16:34.027,v,10,pressed,485,3
2023-11-08 00:16:34.241,v,10,released,498,3
2023-11-08 00:16:34.609,h,11,pressed,520,3
2023-11-08 00:16:34.758,h,11,released,529,3
2023-11-08 00:16:35.358,q,12,pressed,565,3
2023-11-08 00:16:35.542,q,12,released,576,3
2023-11-08 00:16:36.473,m,13,pressed,632,3
2023-11-08 00:16:36.640,m,13,released,642,3
2023-11-08 00:16:36.925,k,24,pressed,659,3
2023-11-08 00:16:37.107,k,24,released,670,4
2023-11-08 00:16:37.308,l,14,pressed,682,4
2023-11-08 00:16:37.506,l,14,released,694,4
2023-11-08 00:16:38.124,a,15,pressed,731,4
2023-11-08 00:16:38.307,a,15,released,742,4
2023-11-08 00:16:39.323,g,16,pressed,803,4
2023-11-08 00:16:39.523,g,16,released,815,4
2023-11-08 00:16:40.156,e,17,pressed,853,4
2023-11-08 00:16:40.407,e,17,released,868,4
2023-11-08 00:16:40.673,c,18,pressed,884,4
2023-11-08 00:16:40.939,c,18,released,900,4
2023-11-08 00:16:41.973,w,19,pressed,962,4
2023-11-08 00:16:42.206,w,19,released,976,4
2023-11-08 00:16:42.306,f,20,pressed,982,4
2023-11-08 00:16:42.508,f,20,released,994,4
2023-11-08 00:16:42.690,t,21,pressed,1005,4
2023-11-08 00:16:42.906,t,21,released,1018,4
2023-11-08 00:16:43.222,d,22,pressed,1037,4
2023-11-08 00:16:43.406,d,22,released,1048,4
2023-11-08 00:16:44.139,p,23,pressed,1092,4
2023-11-08 00:16:44.339,p,23,released,1104,4
2023-11-08 00:16:44.539,j,3,pressed,1116,4
2023-11-08 00:16:44.739,j,3,released,1128,5
2023-11-08 00:16:45.205,k,24,pressed,1156,5
2023-11-08 00:16:45.373,x,25,pressed,1166,5
2023-11-08 00:16:45.389,k,24,released,1167,5
2023-11-08 00:16:45.556,x,25,released,1177,5
2023-11-08 00:16:45.589,u,8,pressed,1179,5
2023-11-08 00:16:45.805,u,8,released,1192,6
2023-11-08 00:16:45.989,i,26,pressed,1203,6
2023-11-08 00:16:46.006,N/A,N/A,end,N/A,N/A
2023-11-08 00:16:51.088,N/A,N/A,start,N/A,N/A
2023-11-08 00:16:52.721,p,1,pressed,98,0
2023-11-08 00:16:52.921,p,1,released,110,0
2023-11-08 00:16:53.171,u,26,pressed,125,0
2023-11-08 00:16:53.355,u,26,released,136,1
2023-11-08 00:16:53.671,y,2,pressed,155,1
2023-11-08 00:16:53.888,y,2,released,168,1
2023-11-08 00:16:54.021,k,3,pressed,176,1
2023-11-08 00:16:54.221,k,3,released,188,1
2023-11-08 00:16:55.021,x,4,pressed,236,1
2023-11-08 00:16:55.188,x,4,released,246,1
2023-11-08 00:16:55.388,s,5,pressed,258,1
2023-11-08 00:16:55.570,s,5,released,269,1
2023-11-08 00:16:55.771,q,6,pressed,281,1
2023-11-08 00:16:55.988,q,6,released,294,1
2023-11-08 00:16:56.254,b,7,pressed,310,1
2023-11-08 00:16:56.438,b,7,released,321,1
2023-11-08 00:16:56.871,k,3,pressed,347,1
2023-11-08 00:16:57.070,k,3,released,359,2
2023-11-08 00:16:57.320,j,8,pressed,374,2
2023-11-08 00:16:57.487,j,8,released,384,2
2023-11-08 00:16:57.621,i,9,pressed,392,2
2023-11-08 00:16:57.804,i,9,released,403,2
2023-11-08 00:16:59.987,n,10,pressed,534,2
2023-11-08 00:17:00.221,n,10,released,548,2
2023-11-08 00:17:00.686,o,11,pressed,576,2
2023-11-08 00:17:00.886,o,11,released,588,2
2023-11-08 00:17:01.053,h,12,pressed,598,2
2023-11-08 00:17:01.270,h,12,released,611,2
2023-11-08 00:17:02.536,e,13,pressed,687,2
2023-11-08 00:17:02.720,e,13,released,698,2
2023-11-08 00:17:04.069,m,14,pressed,779,2
2023-11-08 00:17:04.286,m,14,released,792,2
2023-11-08 00:17:04.969,v,16,pressed,833,2
2023-11-08 00:17:05.153,v,16,released,844,3
2023-11-08 00:17:05.604,c,15,pressed,871,3
2023-11-08 00:17:05.753,c,15,released,880,3
2023-11-08 00:17:05.919,v,16,pressed,890,3
2023-11-08 00:17:06.103,v,16,released,901,3
2023-11-08 00:17:06.269,a,17,pressed,911,3
2023-11-08 00:17:06.470,a,17,released,923,3
2023-11-08 00:17:06.686,d,18,pressed,936,3
2023-11-08 00:17:06.886,d,18,released,948,3
2023-11-08 00:17:08.352,z,19,pressed,1036,3
2023-11-08 00:17:08.585,z,19,released,1050,3
2023-11-08 00:17:08.653,l,20,pressed,1054,3
2023-11-08 00:17:08.869,l,20,released,1067,3
2023-11-08 00:17:09.636,e,13,pressed,1113,3
2023-11-08 00:17:09.836,e,13,released,1125,4
2023-11-08 00:17:10.153,w,21,pressed,1144,4
2023-11-08 00:17:10.385,w,21,released,1158,4
2023-11-08 00:17:10.618,g,22,pressed,1172,4
2023-11-08 00:17:10.785,g,22,released,1182,4
2023-11-08 00:17:11.220,e,13,pressed,1208,4
2023-11-08 00:17:11.385,e,13,released,1218,5
2023-11-08 00:17:11.885,r,23,pressed,1248,5
2023-11-08 00:17:12.052,t,24,pressed,1258,5
2023-11-08 00:17:12.085,r,23,released,1260,5
2023-11-08 00:17:12.236,t,24,released,1269,5
2023-11-08 00:17:12.419,f,25,pressed,1280,5
2023-11-08 00:17:12.602,f,25,released,1291,5
2023-11-08 00:17:12.837,u,26,pressed,1305,5
2023-11-08 00:17:12.852,N/A,N/A,end,N/A,N/A
2023-11-08 00:17:17.918,N/A,N/A,start,N/A,N/A
2023-11-08 00:17:18.818,f,1,pressed,54,0
2023-11-08 00:17:19.001,f,1,released,65,0
2023-11-08 00:17:19.967,o,2,pressed,123,0
2023-11-08 00:17:20.151,o,2,released,134,0
2023-11-08 00:17:20.368,u,3,pressed,147,0
2023-11-08 00:17:20.568,u,3,released,159,0
2023-11-08 00:17:20.951,s,4,pressed,182,0
2023-11-08 00:17:21.151,s,4,released,194,0
2023-11-08 00:17:21.419,w,5,pressed,210,0
2023-11-08 00:17:21.767,w,5,released,231,0
2023-11-08 00:17:21.867,y,18,pressed,237,0
2023-11-08 00:17:22.033,y,18,released,247,1
2023-11-08 00:17:22.267,t,6,pressed,261,1
2023-11-08 00:17:22.417,t,6,released,270,1
2023-11-08 00:17:22.634,v,7,pressed,283,1
2023-11-08 00:17:22.833,v,7,released,295,1
2023-11-08 00:17:23.017,j,8,pressed,306,1
2023-11-08 00:17:23.217,j,8,released,318,1
2023-11-08 00:17:23.784,q,9,pressed,352,1
2023-11-08 00:17:23.950,q,9,released,362,1
2023-11-08 00:17:25.867,r,10,pressed,477,1
2023-11-08 00:17:26.033,r,10,released,487,1
2023-11-08 00:17:26.484,d,11,pressed,514,1
2023-11-08 00:17:26.683,d,11,released,526,1
2023-11-08 00:17:27.916,b,12,pressed,600,1
2023-11-08 00:17:28.050,b,12,released,608,1
2023-11-08 00:17:28.216,n,13,pressed,618,1
2023-11-08 00:17:28.450,n,13,released,632,1
2023-11-08 00:17:29.850,x,14,pressed,716,1
2023-11-08 00:17:30.082,x,14,released,730,1
2023-11-08 00:17:30.766,l,15,pressed,771,1
2023-11-08 00:17:30.949,l,15,released,782,1
2023-11-08 00:17:31.382,a,16,pressed,808,1
2023-11-08 00:17:31.566,a,16,released,819,1
2023-11-08 00:17:31.899,v,7,pressed,839,1
2023-11-08 00:17:32.099,v,7,released,851,2
2023-11-08 00:17:32.449,c,17,pressed,872,2
2023-11-08 00:17:32.582,c,17,released,880,2
2023-11-08 00:17:32.865,y,18,pressed,897,2
2023-11-08 00:17:32.982,y,18,released,904,2
2023-11-08 00:17:33.332,i,19,pressed,925,2
2023-11-08 00:17:33.515,i,19,released,936,2
2023-11-08 00:17:33.932,k,20,pressed,961,2
2023-11-08 00:17:34.148,k,20,released,974,2
2023-11-08 00:17:34.616,g,21,pressed,1002,2
2023-11-08 00:17:34.815,g,21,released,1014,2
2023-11-08 00:17:35.582,z,22,pressed,1060,2
2023-11-08 00:17:35.798,z,22,released,1073,2
2023-11-08 00:17:35.832,h,23,pressed,1075,2
2023-11-08 00:17:36.015,h,23,released,1086,2
2023-11-08 00:17:36.315,m,24,pressed,1104,2
2023-11-08 00:17:36.517,m,24,released,1116,2
2023-11-08 00:17:37.066,e,25,pressed,1149,2
2023-11-08 00:17:37.250,e,25,released,1160,2
2023-11-08 00:17:37.466,o,2,pressed,1173,2
2023-11-08 00:17:37.667,o,2,released,1185,3
2023-11-08 00:17:37.950,p,26,pressed,1202,3
2023-11-08 00:17:37.967,N/A,N/A,end,N/A,N/A
2023-11-08 00:17:44.599,N/A,N/A,start,N/A,N/A
2023-11-08 00:17:45.832,o,1,pressed,74,0
2023-11-08 00:17:45.998,o,1,released,84,0
2023-11-08 00:17:46.348,a,2,pressed,105,0
2023-11-08 00:17:46.515,a,2,released,115,0
2023-11-08 00:17:46.981,r,16,pressed,143,0
2023-11-08 00:17:47.148,r,16,released,153,1
2023-11-08 00:17:47.599,t,3,pressed,180,1
2023-11-08 00:17:47.765,t,3,released,190,1
2023-11-08 00:17:47.849,l,4,pressed,195,1
2023-11-08 00:17:48.032,l,4,released,206,1
2023-11-08 00:17:48.398,y,5,pressed,228,1
2023-11-08 00:17:48.548,y,5,released,237,1
2023-11-08 00:17:49.382,d,6,pressed,287,1
2023-11-08 00:17:49.548,d,6,released,297,1
2023-11-08 00:17:49.882,z,7,pressed,317,1
2023-11-08 00:17:50.082,z,7,released,329,1
2023-11-08 00:17:50.415,b,8,pressed,349,1
2023-11-08 00:17:50.615,b,8,released,361,1
2023-11-08 00:17:51.115,k,9,pressed,391,1
2023-11-08 00:17:51.248,k,9,released,399,1
2023-11-08 00:17:51.831,u,10,pressed,434,1
2023-11-08 00:17:52.015,u,10,released,445,1
2023-11-08 00:17:52.781,q,11,pressed,491,1
2023-11-08 00:17:53.014,q,11,released,505,1
2023-11-08 00:17:53.431,g,12,pressed,530,1
2023-11-08 00:17:53.632,g,12,released,542,1
2023-11-08 00:17:54.147,e,13,pressed,573,1
2023-11-08 00:17:54.348,e,13,released,585,1
2023-11-08 00:17:54.964,c,14,pressed,622,1
2023-11-08 00:17:55.165,c,14,released,634,1
2023-11-08 00:17:56.130,w,15,pressed,692,1
2023-11-08 00:17:56.314,w,15,released,703,1
2023-11-08 00:17:56.531,r,16,pressed,716,1
2023-11-08 00:17:56.731,r,16,released,728,1
2023-11-08 00:17:56.997,f,17,pressed,744,1
2023-11-08 00:17:57.197,f,17,released,756,1
2023-11-08 00:17:57.964,i,18,pressed,802,1
2023-11-08 00:17:58.164,i,18,released,814,1
2023-11-08 00:17:58.463,h,19,pressed,832,1
2023-11-08 00:17:58.713,h,19,released,847,1
2023-11-08 00:17:59.197,n,20,pressed,876,1
2023-11-08 00:17:59.397,n,20,released,888,1
2023-11-08 00:17:59.963,x,21,pressed,922,1
2023-11-08 00:18:00.214,x,21,released,937,1
2023-11-08 00:18:00.647,v,23,pressed,963,1
2023-11-08 00:18:00.814,v,23,released,973,2
2023-11-08 00:18:01.597,p,22,pressed,1020,2
2023-11-08 00:18:01.747,p,22,released,1029,2
2023-11-08 00:18:01.880,v,23,pressed,1037,2
2023-11-08 00:18:02.080,v,23,released,1049,2
2023-11-08 00:18:02.230,m,24,pressed,1058,2
2023-11-08 00:18:02.397,m,24,released,1068,2
2023-11-08 00:18:02.846,d,6,pressed,1095,2
2023-11-08 00:18:03.046,d,6,released,1107,3
2023-11-08 00:18:03.296,s,25,pressed,1122,3
2023-11-08 00:18:03.446,j,26,pressed,1131,3
2023-11-08 00:18:03.463,s,25,released,1132,3
2023-11-08 00:18:07.997,N/A,N/A,start,N/A,N/A
2023-11-08 00:18:08.679,q,1,pressed,41,0
2023-11-08 00:18:08.846,q,1,released,51,0
2023-11-08 00:18:09.379,k,2,pressed,83,0
2023-11-08 00:18:09.496,k,2,released,90,0
2023-11-08 00:18:10.012,e,3,pressed,121,0
2023-11-08 00:18:10.229,e,3,released,134,0
2023-11-08 00:18:10.479,c,14,pressed,149,0
2023-11-08 00:18:10.712,c,14,released,163,1
2023-11-08 00:18:10.995,v,4,pressed,180,1
2023-11-08 00:18:11.129,o,5,pressed,188,1
2023-11-08 00:18:11.162,v,4,released,190,1
2023-11-08 00:18:11.395,o,5,released,204,1
2023-11-08 00:18:11.578,m,6,pressed,215,1
2023-11-08 00:18:11.745,m,6,released,225,1
2023-11-08 00:18:11.979,r,7,pressed,239,1
2023-11-08 00:18:12.195,r,7,released,252,1
2023-11-08 00:18:12.528,u,8,pressed,272,1
2023-11-08 00:18:12.695,u,8,released,282,1
2023-11-08 00:18:13.128,d,9,pressed,308,1
2023-11-08 00:18:13.328,d,9,released,320,1
2023-11-08 00:18:14.495,n,10,pressed,390,1
2023-11-08 00:18:14.711,n,10,released,403,1
2023-11-08 00:18:15.361,w,11,pressed,442,1
2023-11-08 00:18:15.578,w,11,released,455,1
2023-11-08 00:18:16.712,j,12,pressed,523,1
2023-11-08 00:18:16.894,j,12,released,534,1
2023-11-08 00:18:17.128,a,13,pressed,548,1
2023-11-08 00:18:17.294,a,13,released,558,1
2023-11-08 00:18:19.594,c,14,pressed,696,1
2023-11-08 00:18:19.811,c,14,released,709,1
2023-11-08 00:18:19.910,s,15,pressed,715,1
2023-11-08 00:18:20.111,s,15,released,727,1
2023-11-08 00:18:20.877,i,16,pressed,773,1
2023-11-08 00:18:21.061,i,16,released,784,1
2023-11-08 00:18:21.211,x,17,pressed,793,1
2023-11-08 00:18:21.411,x,17,released,805,1
2023-11-08 00:18:21.761,p,18,pressed,826,1
2023-11-08 00:18:21.944,p,18,released,837,1
2023-11-08 00:18:22.077,l,19,pressed,845,1
2023-11-08 00:18:22.294,l,19,released,858,1
2023-11-08 00:18:23.076,z,20,pressed,905,1
2023-11-08 00:18:23.294,z,20,released,918,1
2023-11-08 00:18:23.727,f,21,pressed,944,1
2023-11-08 00:18:23.927,f,21,released,956,1
2023-11-08 00:18:24.127,b,22,pressed,968,1
2023-11-08 00:18:24.327,b,22,released,980,1
2023-11-08 00:18:24.527,y,23,pressed,992,1
2023-11-08 00:18:24.743,y,23,released,1005,1
2023-11-08 00:18:24.827,f,21,pressed,1010,1
2023-11-08 00:18:24.977,f,21,released,1019,2
2023-11-08 00:18:25.193,g,24,pressed,1032,2
2023-11-08 00:18:25.326,h,26,pressed,1040,2
2023-11-08 00:18:25.459,t,25,pressed,1048,3
2023-11-08 00:18:25.476,N/A,N/A,end,N/A,N/A
2023-11-08 00:18:30.593,N/A,N/A,start,N/A,N/A
2023-11-08 00:18:31.493,b,20,pressed,54,0
2023-11-08 00:18:31.726,b,20,released,68,1
2023-11-08 00:18:32.092,b,20,pressed,90,1
2023-11-08 00:18:32.309,b,20,released,103,2
2023-11-08 00:18:32.925,b,20,pressed,140,2
2023-11-08 00:18:33.092,b,20,released,150,3
2023-11-08 00:18:33.209,k,26,pressed,157,3
2023-11-08 00:18:33.442,k,26,released,171,4
2023-11-08 00:18:33.792,v,1,pressed,192,4
2023-11-08 00:18:34.059,v,1,released,208,4
2023-11-08 00:18:34.126,j,2,pressed,212,4
2023-11-08 00:18:34.309,j,2,released,223,4
2023-11-08 00:18:34.592,u,3,pressed,240,4
2023-11-08 00:18:34.791,u,3,released,252,4
2023-11-08 00:18:34.992,s,4,pressed,264,4
2023-11-08 00:18:35.192,s,4,released,276,4
2023-11-08 00:18:36.492,r,5,pressed,354,4
2023-11-08 00:18:36.708,r,5,released,367,4
2023-11-08 00:18:36.909,h,6,pressed,379,4
2023-11-08 00:18:37.125,h,6,released,392,4
2023-11-08 00:18:37.325,m,7,pressed,404,4
2023-11-08 00:18:37.542,m,7,released,417,4
2023-11-08 00:18:37.592,e,8,pressed,420,4
2023-11-08 00:18:37.792,e,8,released,432,4
2023-11-08 00:18:38.275,d,9,pressed,461,4
2023-11-08 00:18:38.458,d,9,released,472,4
2023-11-08 00:18:39.225,g,10,pressed,518,4
2023-11-08 00:18:39.425,g,10,released,530,4
2023-11-08 00:18:39.775,y,22,pressed,551,4
2023-11-08 00:18:39.792,l,24,pressed,552,5
2023-11-08 00:18:39.858,l,24,released,556,6
2023-11-08 00:18:39.991,y,22,released,564,6
2023-11-08 00:18:40.608,t,11,pressed,601,6
2023-11-08 00:18:40.775,t,11,released,611,6
2023-11-08 00:18:40.908,q,12,pressed,619,6
2023-11-08 00:18:41.091,q,12,released,630,6
2023-11-08 00:18:42.324,z,13,pressed,704,6
2023-11-08 00:18:42.507,z,13,released,715,6
2023-11-08 00:18:43.141,o,14,pressed,753,6
2023-11-08 00:18:43.341,o,14,released,765,6
2023-11-08 00:18:44.224,x,15,pressed,818,6
2023-11-08 00:18:44.458,x,15,released,832,6
2023-11-08 00:18:45.091,i,16,pressed,870,6
2023-11-08 00:18:45.291,i,16,released,882,6
2023-11-08 00:18:45.807,f,17,pressed,913,6
2023-11-08 00:18:45.990,f,17,released,924,6
2023-11-08 00:18:46.807,a,23,pressed,973,6
2023-11-08 00:18:46.891,a,23,released,978,7
2023-11-08 00:18:47.440,n,18,pressed,1011,7
2023-11-08 00:18:47.641,n,18,released,1023,7
2023-11-08 00:18:47.657,w,19,pressed,1024,7
2023-11-08 00:18:47.857,w,19,released,1036,7
2023-11-08 00:18:48.341,b,20,pressed,1065,7
2023-11-08 00:18:48.524,b,20,released,1076,7
2023-11-08 00:18:48.791,v,1,pressed,1092,7
2023-11-08 00:18:49.007,v,1,released,1105,8
2023-11-08 00:18:49.440,c,21,pressed,1131,8
2023-11-08 00:18:49.640,c,21,released,1143,8
2023-11-08 00:18:50.056,y,22,pressed,1168,8
2023-11-08 00:18:50.257,y,22,released,1180,8
2023-11-08 00:18:50.507,a,23,pressed,1195,8
2023-11-08 00:18:50.657,a,23,released,1204,8
2023-11-08 00:18:50.890,l,24,pressed,1218,8
2023-11-08 00:18:51.057,l,24,released,1228,8
2023-11-08 00:18:51.507,p,25,pressed,1255,8
2023-11-08 00:18:51.723,p,25,released,1268,8
2023-11-08 00:18:51.790,k,26,pressed,1272,8
2023-11-08 00:18:51.807,N/A,N/A,end,N/A,N/A
2023-11-08 00:19:00.722,N/A,N/A,start,N/A,N/A
2023-11-08 00:19:02.022,t,1,pressed,78,0
2023-11-08 00:19:02.205,t,1,released,89,0
2023-11-08 00:19:02.472,r,2,pressed,105,0
2023-11-08 00:19:02.655,r,2,released,116,0
2023-11-08 00:19:02.938,z,3,pressed,133,0
2023-11-08 00:19:03.138,z,3,released,145,0
2023-11-08 00:19:03.388,n,4,pressed,160,0
2023-11-08 00:19:03.571,n,4,released,171,0
2023-11-08 00:19:04.405,b,5,pressed,221,0
2023-11-08 00:19:04.604,b,5,released,233,0
2023-11-08 00:19:04.788,h,6,pressed,244,0
2023-11-08 00:19:04.988,h,6,released,256,0
2023-11-08 00:19:05.139,l,7,pressed,265,0
2023-11-08 00:19:05.321,l,7,released,276,0
2023-11-08 00:19:06.138,c,8,pressed,325,0
2023-11-08 00:19:06.304,c,8,released,335,0
2023-11-08 00:19:06.504,f,9,pressed,347,0
2023-11-08 00:19:06.704,f,9,released,359,0
2023-11-08 00:19:08.071,j,17,pressed,440,0
2023-11-08 00:19:08.237,j,17,released,450,1
2023-11-08 00:19:08.504,k,10,pressed,466,1
2023-11-08 00:19:08.671,k,10,released,476,1
2023-11-08 00:19:09.020,o,24,pressed,497,1
2023-11-08 00:19:09.021,p,11,pressed,497,2
2023-11-08 00:19:09.204,o,24,released,508,2
2023-11-08 00:19:09.237,p,11,released,510,2
2023-11-08 00:19:12.354,e,12,pressed,697,2
2023-11-08 00:19:12.570,e,12,released,710,2
2023-11-08 00:19:13.303,y,13,pressed,754,2
2023-11-08 00:19:13.521,y,13,released,767,2
2023-11-08 00:19:14.820,v,14,pressed,845,2
2023-11-08 00:19:15.020,v,14,released,857,2
2023-11-08 00:19:15.186,g,15,pressed,867,2
2023-11-08 00:19:15.437,g,15,released,882,2
2023-11-08 00:19:15.836,i,16,pressed,906,2
2023-11-08 00:19:16.020,i,16,released,917,2
2023-11-08 00:19:16.253,j,17,pressed,931,2
2023-11-08 00:19:16.437,j,17,released,942,2
2023-11-08 00:19:17.053,w,18,pressed,979,2
2023-11-08 00:19:17.237,w,18,released,990,2
2023-11-08 00:19:17.420,a,19,pressed,1001,2
2023-11-08 00:19:17.603,a,19,released,1012,2
2023-11-08 00:19:17.886,q,20,pressed,1029,2
2023-11-08 00:19:18.103,q,20,released,1042,2
2023-11-08 00:19:18.286,s,21,pressed,1053,2
2023-11-08 00:19:18.536,s,21,released,1068,2
2023-11-08 00:19:18.986,u,22,pressed,1095,2
2023-11-08 00:19:19.219,u,22,released,1109,2
2023-11-08 00:19:19.570,m,23,pressed,1130,2
2023-11-08 00:19:19.803,m,23,released,1144,2
2023-11-08 00:19:19.919,o,24,pressed,1151,2
2023-11-08 00:19:20.119,o,24,released,1163,2
2023-11-08 00:19:20.353,x,25,pressed,1177,2
2023-11-08 00:19:20.536,x,25,released,1188,2
2023-11-08 00:19:20.686,d,26,pressed,1197,2
2023-11-08 00:19:20.702,N/A,N/A,end,N/A,N/A
2023-11-08 00:19:26.285,N/A,N/A,start,N/A,N/A
2023-11-08 00:19:27.218,o,1,pressed,56,0
2023-11-08 00:19:27.402,o,1,released,67,0
2023-11-08 00:19:28.151,n,2,pressed,112,0
2023-11-08 00:19:28.385,n,2,released,126,0
2023-11-08 00:19:28.518,g,3,pressed,134,0
2023-11-08 00:19:28.718,g,3,released,146,0
2023-11-08 00:19:28.935,i,4,pressed,159,0
2023-11-08 00:19:29.102,i,4,released,169,0
2023-11-08 00:19:29.234,j,5,pressed,177,0
2023-11-08 00:19:29.435,j,5,released,189,0
2023-11-08 00:19:29.535,l,6,pressed,195,0
2023-11-08 00:19:29.718,l,6,released,206,0
2023-11-08 00:19:29.884,r,24,pressed,216,0
2023-11-08 00:19:30.085,r,24,released,228,1
2023-11-08 00:19:30.335,t,7,pressed,243,1
2023-11-08 00:19:30.551,t,7,released,256,1
2023-11-08 00:19:30.651,y,8,pressed,262,1
2023-11-08 00:19:30.835,y,8,released,273,1
2023-11-08 00:19:31.101,x,9,pressed,289,1
2023-11-08 00:19:31.318,x,9,released,302,1
2023-11-08 00:19:32.817,q,10,pressed,392,1
2023-11-08 00:19:33.017,q,10,released,404,1
2023-11-08 00:19:33.484,c,20,pressed,432,1
2023-11-08 00:19:33.684,c,20,released,444,2
2023-11-08 00:19:34.284,k,11,pressed,480,2
2023-11-08 00:19:34.467,k,11,released,491,2
2023-11-08 00:19:35.217,s,12,pressed,536,2
2023-11-08 00:19:35.384,s,12,released,546,2
2023-11-08 00:19:36.400,h,13,pressed,607,2
2023-11-08 00:19:36.564,h,13,released,617,2
2023-11-08 00:19:37.030,z,14,pressed,645,2
2023-11-08 00:19:37.230,z,14,released,657,2
2023-11-08 00:19:38.748,o,1,pressed,748,2
2023-11-08 00:19:38.764,p,15,pressed,749,3
2023-11-08 00:19:38.913,o,1,released,758,3
2023-11-08 00:19:38.963,p,15,released,761,3
2023-11-08 00:19:39.047,a,16,pressed,766,3
2023-11-08 00:19:39.230,a,16,released,777,3
2023-11-08 00:19:39.480,u,17,pressed,792,3
2023-11-08 00:19:39.663,u,17,released,803,3
2023-11-08 00:19:40.046,d,18,pressed,826,3
2023-11-08 00:19:40.247,d,18,released,838,3
2023-11-08 00:19:40.463,b,19,pressed,851,3
2023-11-08 00:19:40.647,b,19,released,862,3
2023-11-08 00:19:40.963,c,20,pressed,881,3
2023-11-08 00:19:41.163,c,20,released,893,3
2023-11-08 00:19:41.263,m,21,pressed,899,3
2023-11-08 00:19:41.463,m,21,released,911,3
2023-11-08 00:19:41.680,d,18,pressed,924,3
2023-11-08 00:19:41.897,d,18,released,937,4
2023-11-08 00:19:42.180,f,22,pressed,954,4
2023-11-08 00:19:42.363,f,22,released,965,4
2023-11-08 00:19:42.396,w,23,pressed,967,4
2023-11-08 00:19:42.596,w,23,released,979,4
2023-11-08 00:19:42.730,r,24,pressed,987,4
2023-11-08 00:19:42.913,r,24,released,998,4
2023-11-08 00:19:43.230,v,25,pressed,1017,4
2023-11-08 00:19:43.413,v,25,released,1028,4
2023-11-08 00:19:43.463,e,26,pressed,1031,4
2023-11-08 00:19:43.479,N/A,N/A,end,N/A,N/A
2023-11-08 00:19:50.863,N/A,N/A,start,N/A,N/A
2023-11-08 00:19:52.645,l,10,pressed,107,0
2023-11-08 00:19:52.795,l,10,released,116,1
2023-11-08 00:19:53.012,k,1,pressed,129,1
2023-11-08 00:19:53.178,k,1,released,139,1
2023-11-08 00:19:53.312,w,2,pressed,147,1
2023-11-08 00:19:53.512,w,2,released,159,1
2023-11-08 00:19:54.528,v,22,pressed,220,1
2023-11-08 00:19:54.711,v,22,released,231,2
2023-11-08 00:19:54.995,v,22,pressed,248,2
2023-11-08 00:19:55.194,v,22,released,260,3
2023-11-08 00:19:55.244,b,3,pressed,263,3
2023-11-08 00:19:55.427,b,3,released,274,3
2023-11-08 00:19:55.645,j,4,released,287,3
2023-11-08 00:19:55.929,e,8,pressed,304,3
2023-11-08 00:19:56.044,e,8,released,311,4
2023-11-08 00:19:56.494,u,5,pressed,338,4
2023-11-08 00:19:56.611,u,5,released,345,4
2023-11-08 00:19:56.928,i,6,pressed,364,4
2023-11-08 00:19:57.094,i,6,released,374,4
2023-11-08 00:19:57.311,y,7,pressed,387,4
2023-11-08 00:19:57.494,y,7,released,398,4
2023-11-08 00:19:57.711,w,2,pressed,411,4
2023-11-08 00:19:57.894,w,2,released,422,5
2023-11-08 00:19:57.944,e,8,pressed,425,5
2023-11-08 00:19:58.161,e,8,released,438,5
2023-11-08 00:19:58.295,r,9,pressed,446,5
2023-11-08 00:19:58.444,r,9,released,455,5
2023-11-08 00:19:58.977,k,1,pressed,487,5
2023-11-08 00:19:59.128,k,1,released,496,6
2023-11-08 00:19:59.294,l,10,pressed,506,6
2023-11-08 00:19:59.461,l,10,released,516,6
2023-11-08 00:20:00.811,n,11,pressed,597,6
2023-11-08 00:20:01.027,n,11,released,610,6
2023-11-08 00:20:01.127,c,12,pressed,616,6
2023-11-08 00:20:01.327,c,12,released,628,6
2023-11-08 00:20:03.894,p,13,pressed,782,6
2023-11-08 00:20:04.027,p,13,released,790,6
2023-11-08 00:20:04.443,t,14,pressed,815,6
2023-11-08 00:20:04.643,t,14,released,827,6
2023-11-08 00:20:04.827,h,21,pressed,838,6
2023-11-08 00:20:05.026,h,21,released,850,7
2023-11-08 00:20:05.610,g,15,pressed,885,7
2023-11-08 00:20:05.810,g,15,released,897,7
2023-11-08 00:20:06.276,a,16,pressed,925,7
2023-11-08 00:20:06.443,a,16,released,935,7
2023-11-08 00:20:06.743,f,17,pressed,953,7
2023-11-08 00:20:06.943,f,17,released,965,7
2023-11-08 00:20:08.243,m,19,pressed,1043,7
2023-11-08 00:20:08.443,m,19,released,1055,8
2023-11-08 00:20:10.126,o,18,pressed,1156,8
2023-11-08 00:20:10.326,o,18,released,1168,8
2023-11-08 00:20:10.543,m,19,pressed,1181,8
2023-11-08 00:20:10.792,m,19,released,1196,8
2023-11-08 00:20:11.442,q,20,pressed,1235,8
2023-11-08 00:20:11.626,q,20,released,1246,8
2023-11-08 00:20:11.859,j,4,pressed,1260,8
2023-11-08 00:20:11.992,j,4,released,1268,9
2023-11-08 00:20:12.225,h,21,pressed,1282,9
2023-11-08 00:20:12.442,h,21,released,1295,9
2023-11-08 00:20:12.526,v,22,pressed,1300,9
2023-11-08 00:20:12.743,v,22,released,1313,9
2023-11-08 00:20:13.543,x,23,pressed,1361,9
2023-11-08 00:20:13.792,x,23,released,1376,9
2023-11-08 00:20:13.842,s,24,pressed,1379,9
2023-11-08 00:20:14.025,s,24,released,1390,9
2023-11-08 00:20:14.558,z,25,pressed,1422,9
2023-11-08 00:20:14.708,z,25,released,1431,9
2023-11-08 00:20:14.808,f,17,pressed,1437,9
2023-11-08 00:20:15.026,f,17,released,1450,10
2023-11-08 00:20:15.192,d,26,pressed,1460,10
2023-11-08 00:20:15.208,N/A,N/A,end,N/A,N/A
2023-11-08 00:20:37.091,N/A,N/A,start,N/A,N/A
2023-11-08 00:20:38.292,i,1,pressed,71,0
2023-11-08 00:20:38.474,i,1,released,82,0
2023-11-08 00:20:38.625,z,2,pressed,91,0
2023-11-08 00:20:38.808,z,2,released,102,0
2023-11-08 00:20:38.891,u,3,pressed,107,0
2023-11-08 00:20:39.091,u,3,released,119,0
2023-11-08 00:20:39.324,t,4,pressed,133,0
2023-11-08 00:20:39.507,t,4,released,144,0
2023-11-08 00:20:40.109,h,5,pressed,180,0
2023-11-08 00:20:40.324,h,5,released,193,0
2023-11-08 00:20:40.591,j,6,pressed,209,0
2023-11-08 00:20:40.774,j,6,released,220,0
2023-11-08 00:20:40.891,e,7,pressed,227,0
2023-11-08 00:20:41.124,e,7,released,241,0
2023-11-08 00:20:41.257,a,8,pressed,249,0
2023-11-08 00:20:41.424,a,8,released,259,0
2023-11-08 00:20:41.491,m,9,pressed,263,0
2023-11-08 00:20:41.691,m,9,released,275,0
2023-11-08 00:20:42.857,c,10,pressed,345,0
2023-11-08 00:20:43.091,c,10,released,359,0
2023-11-08 00:20:43.224,n,11,pressed,367,0
2023-11-08 00:20:43.440,n,11,released,380,0
2023-11-08 00:20:43.857,d,20,pressed,405,0
2023-11-08 00:20:44.007,d,20,released,414,1
2023-11-08 00:20:44.076,s,12,pressed,418,1
2023-11-08 00:20:44.274,s,12,released,430,1
2023-11-08 00:20:45.124,l,13,pressed,481,1
2023-11-08 00:20:45.357,l,13,released,495,1
2023-11-08 00:20:46.324,v,14,pressed,553,1
2023-11-08 00:20:46.540,v,14,released,566,1
2023-11-08 00:20:46.740,g,15,pressed,578,1
2023-11-08 00:20:46.957,g,15,released,591,1
2023-11-08 00:20:48.656,y,16,pressed,693,1
2023-11-08 00:20:48.856,y,16,released,705,1
2023-11-08 00:20:49.140,q,17,pressed,722,1
2023-11-08 00:20:49.323,q,17,released,733,1
2023-11-08 00:20:49.690,p,18,pressed,755,1
2023-11-08 00:20:49.806,p,18,released,762,1
2023-11-08 00:20:50.556,k,19,pressed,807,1
2023-11-08 00:20:50.723,k,19,released,817,1
2023-11-08 00:20:52.539,s,12,pressed,926,1
2023-11-08 00:20:52.656,s,12,released,933,2
2023-11-08 00:20:52.856,d,20,pressed,945,2
2023-11-08 00:20:53.039,d,20,released,956,2
2023-11-08 00:20:53.406,b,21,pressed,978,2
2023-11-08 00:20:53.572,b,21,released,988,2
2023-11-08 00:20:53.723,x,22,pressed,997,2
2023-11-08 00:20:53.906,x,22,released,1008,2
2023-11-08 00:20:54.072,f,23,pressed,1018,2
2023-11-08 00:20:54.272,f,23,released,1030,2
2023-11-08 00:20:54.789,i,1,pressed,1061,2
2023-11-08 00:20:54.955,i,1,released,1071,3
2023-11-08 00:20:55.056,w,25,pressed,1077,3
2023-11-08 00:20:55.239,w,25,released,1088,4
2023-11-08 00:20:55.322,o,24,pressed,1093,4
2023-11-08 00:20:55.489,o,24,released,1103,4
2023-11-08 00:20:55.655,w,25,released,1113,4
2023-11-08 00:20:55.755,r,26,pressed,1119,4
2023-11-08 00:20:55.772,N/A,N/A,end,N/A,N/A
2023-11-08 00:21:00.821,N/A,N/A,start,N/A,N/A
2023-11-08 00:21:02.054,o,1,pressed,74,0
2023-11-08 00:21:02.221,o,1,released,84,0
2023-11-08 00:21:02.488,p,2,pressed,100,0
2023-11-08 00:21:02.671,p,2,released,111,0
2023-11-08 00:21:03.088,j,7,pressed,136,0
2023-11-08 00:21:03.271,j,7,released,147,1
2023-11-08 00:21:03.571,k,3,pressed,165,1
2023-11-08 00:21:03.738,k,3,released,175,1
2023-11-08 00:21:03.887,i,4,pressed,184,1
2023-11-08 00:21:04.137,i,4,released,199,1
2023-11-08 00:21:04.538,x,5,pressed,223,1
2023-11-08 00:21:04.771,x,5,released,237,1
2023-11-08 00:21:05.271,a,6,pressed,267,1
2023-11-08 00:21:05.438,a,6,released,277,1
2023-11-08 00:21:05.554,j,7,pressed,284,1
2023-11-08 00:21:05.771,j,7,released,297,1
2023-11-08 00:21:06.055,t,25,pressed,314,1
2023-11-08 00:21:06.171,t,25,released,321,2
2023-11-08 00:21:06.554,r,8,pressed,344,2
2023-11-08 00:21:06.704,r,8,released,353,2
2023-11-08 00:21:06.937,z,9,pressed,367,2
2023-11-08 00:21:07.121,z,9,released,378,2
2023-11-08 00:21:07.970,n,10,pressed,429,2
2023-11-08 00:21:08.204,n,10,released,443,2
2023-11-08 00:21:09.437,w,19,pressed,517,2
2023-11-08 00:21:09.586,w,19,released,526,3
2023-11-08 00:21:09.903,e,11,pressed,545,3
2023-11-08 00:21:10.070,e,11,released,555,3
2023-11-08 00:21:10.937,u,12,pressed,607,3
2023-11-08 00:21:11.136,u,12,released,619,3
2023-11-08 00:21:11.437,c,20,pressed,637,3
2023-11-08 00:21:11.670,c,20,released,651,4
2023-11-08 00:21:12.020,v,13,pressed,672,4
2023-11-08 00:21:12.187,v,13,released,682,4
2023-11-08 00:21:12.653,h,14,pressed,710,4
2023-11-08 00:21:12.886,h,14,released,724,4
2023-11-08 00:21:13.903,m,15,pressed,785,4
2023-11-08 00:21:14.119,m,15,released,798,4
2023-11-08 00:21:14.253,q,16,pressed,806,4
2023-11-08 00:21:14.419,q,16,released,816,4
2023-11-08 00:21:14.986,b,17,pressed,850,4
2023-11-08 00:21:15.169,b,17,released,861,4
2023-11-08 00:21:15.586,y,18,pressed,886,4
2023-11-08 00:21:15.803,y,18,released,899,4
2023-11-08 00:21:16.920,w,19,pressed,966,4
2023-11-08 00:21:17.119,w,19,released,978,4
2023-11-08 00:21:17.319,c,20,pressed,990,4
2023-11-08 00:21:17.586,c,20,released,1006,4
2023-11-08 00:21:17.752,s,21,pressed,1016,4
2023-11-08 00:21:17.936,s,21,released,1027,4
2023-11-08 00:21:18.086,d,22,pressed,1036,4
2023-11-08 00:21:18.269,d,22,released,1047,4
2023-11-08 00:21:18.402,f,23,pressed,1055,4
2023-11-08 00:21:18.552,f,23,released,1064,4
2023-11-08 00:21:18.686,g,24,pressed,1072,4
2023-11-08 00:21:18.836,g,24,released,1081,4
2023-11-08 00:21:18.969,t,25,pressed,1089,4
2023-11-08 00:21:19.135,t,25,released,1099,4
2023-11-08 00:21:19.236,l,26,pressed,1105,4
2023-11-08 00:21:19.252,N/A,N/A,end,N/A,N/A
2023-11-08 00:21:24.335,N/A,N/A,start,N/A,N/A
2023-11-08 00:21:25.118,z,1,pressed,47,0
2023-11-08 00:21:25.285,z,1,released,57,0
2023-11-08 00:21:25.501,q,2,pressed,70,0
2023-11-08 00:21:25.684,q,2,released,81,0
2023-11-08 00:21:26.368,o,3,pressed,122,0
2023-11-08 00:21:26.568,o,3,released,134,0
2023-11-08 00:21:27.168,b,4,pressed,170,0
2023-11-08 00:21:27.351,b,4,released,181,0
2023-11-08 00:21:27.718,s,5,pressed,203,0
2023-11-08 00:21:27.901,s,5,released,214,0
2023-11-08 00:21:28.118,r,6,pressed,227,0
2023-11-08 00:21:28.334,r,6,released,240,0
2023-11-08 00:21:28.701,j,22,pressed,262,0
2023-11-08 00:21:28.834,j,22,released,270,1
2023-11-08 00:21:29.084,h,7,pressed,285,1
2023-11-08 00:21:29.268,h,7,released,296,1
2023-11-08 00:21:29.335,n,8,pressed,300,1
2023-11-08 00:21:29.551,n,8,released,313,1
2023-11-08 00:21:29.651,g,9,pressed,319,1
2023-11-08 00:21:29.867,g,9,released,332,1
2023-11-08 00:21:30.401,c,10,pressed,364,1
2023-11-08 00:21:30.650,c,10,released,379,1
2023-11-08 00:21:31.067,e,11,pressed,404,1
2023-11-08 00:21:31.267,e,11,released,416,1
2023-11-08 00:21:32.201,u,12,pressed,472,1
2023-11-08 00:21:32.334,u,12,released,480,1
2023-11-08 00:21:32.717,o,3,pressed,503,1
2023-11-08 00:21:32.917,o,3,released,515,2
2023-11-08 00:21:33.500,p,13,pressed,550,2
2023-11-08 00:21:33.684,p,13,released,561,2
2023-11-08 00:21:33.800,i,14,pressed,568,2
2023-11-08 00:21:34.000,i,14,released,580,2
2023-11-08 00:21:34.467,w,15,pressed,608,2
2023-11-08 00:21:34.701,w,15,released,622,2
2023-11-08 00:21:35.333,t,16,pressed,660,2
2023-11-08 00:21:35.551,t,16,released,673,2
2023-11-08 00:21:35.983,x,17,pressed,699,2
2023-11-08 00:21:36.183,x,17,released,711,2
2023-11-08 00:21:36.701,n,8,pressed,742,2
2023-11-08 00:21:36.900,n,8,released,754,3
2023-11-08 00:21:37.233,m,18,pressed,774,3
2023-11-08 00:21:37.384,m,18,released,783,3
2023-11-08 00:21:37.433,c,10,pressed,786,3
2023-11-08 00:21:37.617,c,10,released,797,4
2023-11-08 00:21:37.900,v,19,pressed,814,4
2023-11-08 00:21:38.083,v,19,released,825,4
2023-11-08 00:21:38.283,k,20,released,837,4
2023-11-08 00:21:38.650,l,21,pressed,859,4
2023-11-08 00:21:38.867,l,21,released,872,4
2023-11-08 00:21:39.233,j,22,pressed,894,4
2023-11-08 00:21:39.417,j,22,released,905,4
2023-11-08 00:21:39.684,a,23,pressed,921,4
2023-11-08 00:21:39.867,a,23,released,932,4
2023-11-08 00:21:40.184,y,24,pressed,951,4
2023-11-08 00:21:40.416,y,24,released,965,4
2023-11-08 00:21:40.701,f,25,pressed,982,4
2023-11-08 00:21:40.867,d,26,pressed,992,4
2023-11-08 00:21:40.883,f,25,released,993,4
2023-11-08 00:21:45.916,N/A,N/A,start,N/A,N/A
2023-11-08 00:21:46.533,s,1,pressed,37,0
2023-11-08 00:21:46.682,s,1,released,46,0
2023-11-08 00:21:46.999,e,2,pressed,65,0
2023-11-08 00:21:47.166,e,2,released,75,0
2023-11-08 00:21:47.499,b,3,pressed,95,0
2023-11-08 00:21:47.715,b,3,released,108,0
2023-11-08 00:21:48.166,o,4,pressed,135,0
2023-11-08 00:21:48.399,o,4,released,149,0
2023-11-08 00:21:48.699,r,5,pressed,167,0
2023-11-08 00:21:48.899,r,5,released,179,0
2023-11-08 00:21:49.198,t,6,pressed,197,0
2023-11-08 00:21:49.398,t,6,released,209,0
2023-11-08 00:21:49.565,z,7,pressed,219,0
2023-11-08 00:21:49.766,z,7,released,231,0
2023-11-08 00:21:50.015,p,8,pressed,246,0
2023-11-08 00:21:50.182,p,8,released,256,0
2023-11-08 00:21:50.382,l,9,pressed,268,0
2023-11-08 00:21:50.582,l,9,released,280,0
2023-11-08 00:21:51.515,q,10,pressed,336,0
2023-11-08 00:21:51.715,q,10,released,348,0
2023-11-08 00:21:51.965,n,11,pressed,363,0
2023-11-08 00:21:52.215,n,11,released,378,0
2023-11-08 00:21:52.765,d,12,pressed,411,0
2023-11-08 00:21:52.948,d,12,released,422,0
2023-11-08 00:21:53.481,c,13,pressed,454,0
2023-11-08 00:21:53.681,c,13,released,466,0
2023-11-08 00:21:53.848,f,14,pressed,476,0
2023-11-08 00:21:54.015,f,14,released,486,0
2023-11-08 00:21:54.231,y,15,pressed,499,0
2023-11-08 00:21:54.431,y,15,released,511,0
2023-11-08 00:21:55.048,m,16,pressed,548,0
2023-11-08 00:21:55.248,m,16,released,560,0
2023-11-08 00:21:56.114,a,17,pressed,612,0
2023-11-08 00:21:56.281,a,17,released,622,0
2023-11-08 00:21:56.648,x,18,pressed,644,0
2023-11-08 00:21:56.848,x,18,released,656,0
2023-11-08 00:21:56.997,k,20,pressed,665,0
2023-11-08 00:21:57.198,k,20,released,677,1
2023-11-08 00:21:57.664,j,19,pressed,705,1
2023-11-08 00:21:57.847,j,19,released,716,1
2023-11-08 00:21:57.932,k,20,pressed,721,1
2023-11-08 00:21:58.147,k,20,released,734,1
2023-11-08 00:21:58.298,c,13,pressed,743,1
2023-11-08 00:21:58.514,c,13,released,756,2
2023-11-08 00:21:59.014,v,21,pressed,786,2
2023-11-08 00:21:59.214,v,21,released,798,2
2023-11-08 00:21:59.964,u,22,pressed,843,2
2023-11-08 00:22:00.114,u,22,released,852,2
2023-11-08 00:22:00.347,g,23,pressed,866,2
2023-11-08 00:22:00.514,g,23,released,876,2
2023-11-08 00:22:01.130,h,24,pressed,913,2
2023-11-08 00:22:01.313,h,24,released,924,2
2023-11-08 00:22:01.530,o,4,pressed,937,2
2023-11-08 00:22:01.730,o,4,released,949,3
2023-11-08 00:22:01.914,i,25,pressed,960,3
2023-11-08 00:22:02.030,w,26,pressed,967,3
2023-11-08 00:22:02.048,N/A,N/A,end,N/A,N/A
2023-11-08 00:22:07.479,N/A,N/A,start,N/A,N/A
2023-11-08 00:22:08.096,s,1,pressed,37,0
2023-11-08 00:22:08.263,s,1,released,47,0
2023-11-08 00:22:08.779,n,2,pressed,78,0
2023-11-08 00:22:08.979,n,2,released,90,0
2023-11-08 00:22:09.129,r,18,pressed,99,0
2023-11-08 00:22:09.246,r,18,released,106,1
2023-11-08 00:22:09.480,e,3,pressed,120,1
2023-11-08 00:22:09.645,e,3,released,130,1
2023-11-08 00:22:09.696,f,4,pressed,133,1
2023-11-08 00:22:09.896,f,4,released,145,1
2023-11-08 00:22:10.012,w,5,pressed,152,1
2023-11-08 00:22:10.212,w,5,released,164,1
2023-11-08 00:22:10.730,i,6,pressed,195,1
2023-11-08 00:22:10.879,i,6,released,204,1
2023-11-08 00:22:11.229,p,7,pressed,225,1
2023-11-08 00:22:11.462,p,7,released,239,1
2023-11-08 00:22:11.762,s,1,pressed,257,1
2023-11-08 00:22:11.945,s,1,released,268,2
2023-11-08 00:22:12.429,i,6,pressed,297,2
2023-11-08 00:22:12.562,i,6,released,305,3
2023-11-08 00:22:12.662,d,8,pressed,311,3
2023-11-08 00:22:12.829,d,8,released,321,3
2023-11-08 00:22:14.178,h,9,pressed,402,3
2023-11-08 00:22:14.395,h,9,released,415,3
2023-11-08 00:22:14.578,v,10,pressed,426,3
2023-11-08 00:22:14.745,v,10,released,436,3
2023-11-08 00:22:15.446,t,11,pressed,478,3
2023-11-08 00:22:15.595,t,11,released,487,3
2023-11-08 00:22:16.695,b,12,pressed,553,3
2023-11-08 00:22:16.878,b,12,released,564,3
2023-11-08 00:22:17.128,q,13,pressed,579,3
2023-11-08 00:22:17.311,q,13,released,590,3
2023-11-08 00:22:19.044,j,14,pressed,694,3
2023-11-08 00:22:19.194,j,14,released,703,3
2023-11-08 00:22:20.811,a,15,pressed,800,3
2023-11-08 00:22:21.011,a,15,released,812,3
2023-11-08 00:22:22.027,m,16,pressed,873,3
2023-11-08 00:22:22.261,m,16,released,887,3
2023-11-08 00:22:23.160,x,17,pressed,941,3
2023-11-08 00:22:23.410,x,17,released,956,3
2023-11-08 00:22:24.127,r,18,pressed,999,3
2023-11-08 00:22:24.327,r,18,released,1011,3
2023-11-08 00:22:24.660,y,20,pressed,1031,3
2023-11-08 00:22:24.860,y,20,released,1043,4
2023-11-08 00:22:25.077,u,19,pressed,1056,4
2023-11-08 00:22:25.310,u,19,released,1070,4
2023-11-08 00:22:25.410,y,20,pressed,1076,4
2023-11-08 00:22:25.610,y,20,released,1088,4
2023-11-08 00:22:25.843,j,14,pressed,1102,4
2023-11-08 00:22:26.043,j,14,released,1114,5
2023-11-08 00:22:26.393,k,21,pressed,1135,5
2023-11-08 00:22:26.594,k,21,released,1147,5
2023-11-08 00:22:26.810,z,22,pressed,1160,5
2023-11-08 00:22:27.010,z,22,released,1172,5
2023-11-08 00:22:27.176,l,23,pressed,1182,5
2023-11-08 00:22:27.376,l,23,released,1194,5
2023-11-08 00:22:27.827,f,4,pressed,1221,5
2023-11-08 00:22:27.960,f,4,released,1229,6
2023-11-08 00:22:28.260,g,24,pressed,1247,6
2023-11-08 00:22:28.410,g,24,released,1256,6
2023-11-08 00:22:28.593,c,25,pressed,1267,6
2023-11-08 00:22:28.843,c,25,released,1282,6
2023-11-08 00:22:29.010,o,26,pressed,1292,6
2023-11-08 00:22:29.027,N/A,N/A,end,N/A,N/A
2023-11-08 00:22:33.976,N/A,N/A,start,N/A,N/A
2023-11-08 00:22:34.859,k,20,pressed,53,0
2023-11-08 00:22:34.976,k,20,released,60,1
2023-11-08 00:22:35.242,j,1,pressed,76,1
2023-11-08 00:22:35.392,j,1,released,85,1
2023-11-08 00:22:35.460,q,2,pressed,89,1
2023-11-08 00:22:35.625,q,2,released,99,1
2023-11-08 00:22:35.726,m,3,pressed,105,1
2023-11-08 00:22:35.942,m,3,released,118,1
2023-11-08 00:22:36.092,l,4,pressed,127,1
2023-11-08 00:22:36.342,l,4,released,142,1
2023-11-08 00:22:36.426,c,5,pressed,147,1
2023-11-08 00:22:36.658,c,5,released,161,1
2023-11-08 00:22:36.808,g,6,pressed,170,1
2023-11-08 00:22:37.008,g,6,released,182,1
2023-11-08 00:22:37.341,p,7,pressed,202,1
2023-11-08 00:22:37.558,t,22,pressed,215,1
2023-11-08 00:22:37.591,p,7,released,217,2
2023-11-08 00:22:37.758,t,22,released,227,2
2023-11-08 00:22:38.175,r,8,pressed,252,2
2023-11-08 00:22:38.341,r,8,released,262,2
2023-11-08 00:22:38.808,d,9,pressed,290,2
2023-11-08 00:22:39.008,d,9,released,302,2
2023-11-08 00:22:39.391,i,10,pressed,325,2
2023-11-08 00:22:39.558,i,10,released,335,2
2023-11-08 00:22:40.141,g,6,pressed,370,2
2023-11-08 00:22:40.341,g,6,released,382,3
2023-11-08 00:22:40.690,f,11,pressed,403,3
2023-11-08 00:22:40.890,f,11,released,415,3
2023-11-08 00:22:41.041,v,12,pressed,424,3
2023-11-08 00:22:41.257,v,12,released,437,3
2023-11-08 00:22:42.158,r,8,pressed,491,3
2023-11-08 00:22:42.324,r,8,released,501,4
2023-11-08 00:22:42.624,e,13,pressed,519,4
2023-11-08 00:22:42.808,e,13,released,530,4
2023-11-08 00:22:42.857,w,14,pressed,533,4
2023-11-08 00:22:43.057,w,14,released,545,4
2023-11-08 00:22:44.640,y,15,pressed,640,4
2023-11-08 00:22:44.806,y,15,released,650,4
2023-11-08 00:22:45.540,z,16,pressed,694,4
2023-11-08 00:22:45.740,z,16,released,706,4
2023-11-08 00:22:45.790,h,17,pressed,709,4
2023-11-08 00:22:46.040,h,17,released,724,4
2023-11-08 00:22:46.240,u,18,pressed,736,4
2023-11-08 00:22:46.456,u,18,released,749,4
2023-11-08 00:22:46.475,c,5,pressed,750,4
2023-11-08 00:22:46.673,c,5,released,762,5
2023-11-08 00:22:47.173,x,19,pressed,792,5
2023-11-08 00:22:47.406,x,19,released,806,5
2023-11-08 00:22:47.557,k,20,pressed,815,5
2023-11-08 00:22:47.740,k,20,released,826,5
2023-11-08 00:22:48.123,s,21,pressed,849,5
2023-11-08 00:22:48.323,s,21,released,861,5
2023-11-08 00:22:48.640,r,8,pressed,880,5
2023-11-08 00:22:48.839,r,8,released,892,6
2023-11-08 00:22:49.007,t,22,pressed,902,6
2023-11-08 00:22:49.190,t,22,released,913,6
2023-11-08 00:22:49.206,n,23,pressed,914,6
2023-11-08 00:22:49.440,n,23,released,928,6
2023-11-08 00:22:49.689,a,25,pressed,943,6
2023-11-08 00:22:49.789,a,25,released,949,7
2023-11-08 00:22:50.023,o,24,pressed,963,7
2023-11-08 00:22:50.206,a,25,pressed,974,7
2023-11-08 00:22:50.239,o,24,released,976,7
2023-11-08 00:22:50.373,a,25,released,984,7
2023-11-08 00:22:50.773,b,26,pressed,1008,7
2023-11-08 00:22:50.789,N/A,N/A,end,N/A,N/A
2023-11-08 00:22:56.155,N/A,N/A,start,N/A,N/A
2023-11-08 00:22:57.238,o,1,pressed,65,0
2023-11-08 00:22:57.439,o,1,released,77,0
2023-11-08 00:22:57.638,m,2,pressed,89,0
2023-11-08 00:22:57.839,m,2,released,101,0
2023-11-08 00:22:58.022,u,3,pressed,112,0
2023-11-08 00:22:58.222,u,3,released,124,0
2023-11-08 00:22:58.522,q,4,pressed,142,0
2023-11-08 00:22:58.722,q,4,released,154,0
2023-11-08 00:22:58.955,p,5,pressed,168,0
2023-11-08 00:22:59.188,p,5,released,182,0
2023-11-08 00:22:59.505,d,6,pressed,201,0
2023-11-08 00:22:59.688,d,6,released,212,0
2023-11-08 00:22:59.989,f,7,pressed,230,0
2023-11-08 00:23:00.188,f,7,released,242,0
2023-11-08 00:23:00.238,h,8,pressed,245,0
2023-11-08 00:23:00.488,h,8,released,260,0
2023-11-08 00:23:00.688,s,9,pressed,272,0
2023-11-08 00:23:00.954,s,9,released,288,0
2023-11-08 00:23:02.371,a,10,pressed,373,0
2023-11-08 00:23:02.538,a,10,released,383,0
2023-11-08 00:23:02.854,x,11,pressed,402,0
2023-11-08 00:23:03.038,x,11,released,413,0
2023-11-08 00:23:03.254,b,13,pressed,426,0
2023-11-08 00:23:03.421,b,13,released,436,1
2023-11-08 00:23:03.754,v,12,pressed,456,1
2023-11-08 00:23:03.971,v,12,released,469,1
2023-11-08 00:23:03.988,b,13,pressed,470,1
2023-11-08 00:23:04.221,b,13,released,484,1
2023-11-08 00:23:04.238,g,14,pressed,485,1
2023-11-08 00:23:04.437,g,14,released,497,1
2023-11-08 00:23:04.937,k,15,pressed,527,1
2023-11-08 00:23:05.087,k,15,released,536,1
2023-11-08 00:23:05.887,z,16,pressed,584,1
2023-11-08 00:23:06.053,z,16,released,594,1
2023-11-08 00:23:06.570,w,17,pressed,625,1
2023-11-08 00:23:06.770,w,17,released,637,1
2023-11-08 00:23:07.004,t,18,pressed,651,1
2023-11-08 00:23:07.204,t,18,released,663,1
2023-11-08 00:23:07.637,j,19,pressed,689,1
2023-11-08 00:23:07.804,j,19,released,699,1
2023-11-08 00:23:08.737,x,11,pressed,755,1
2023-11-08 00:23:08.920,x,11,released,766,2
2023-11-08 00:23:09.503,c,20,pressed,801,2
2023-11-08 00:23:09.738,c,20,released,815,2
2023-11-08 00:23:09.820,n,21,pressed,820,2
2023-11-08 00:23:10.053,n,21,released,834,2
2023-11-08 00:23:10.270,r,22,pressed,847,2
2023-11-08 00:23:10.453,r,22,released,858,2
2023-11-08 00:23:10.970,i,23,pressed,889,2
2023-11-08 00:23:11.120,i,23,released,898,2
2023-11-08 00:23:11.404,y,24,pressed,915,2
2023-11-08 00:23:11.636,y,24,released,929,2
2023-11-08 00:23:11.820,l,26,pressed,940,2
2023-11-08 00:23:11.937,l,26,released,947,3
2023-11-08 00:23:12.136,w,17,pressed,959,3
2023-11-08 00:23:12.236,l,26,pressed,965,4
2023-11-08 00:23:12.286,w,17,released,968,5
2023-11-08 00:23:12.403,l,26,released,975,5
2023-11-08 00:23:12.653,e,25,pressed,990,5
2023-11-08 00:23:12.753,l,26,pressed,996,5
2023-11-08 00:23:12.770,N/A,N/A,end,N/A,N/A
2023-11-08 00:23:17.786,N/A,N/A,start,N/A,N/A
2023-11-08 00:23:18.652,x,1,pressed,52,0
2023-11-08 00:23:18.835,x,1,released,63,0
2023-11-08 00:23:19.152,z,2,pressed,82,0
2023-11-08 00:23:19.285,z,2,released,90,0
2023-11-08 00:23:19.502,j,14,pressed,103,0
2023-11-08 00:23:19.669,j,14,released,113,1
2023-11-08 00:23:19.885,h,3,pressed,126,1
2023-11-08 00:23:20.069,h,3,released,137,1
2023-11-08 00:23:20.236,d,26,pressed,147,1
2023-11-08 00:23:20.435,d,26,released,159,2
2023-11-08 00:23:20.769,s,4,pressed,179,2
2023-11-08 00:23:20.918,s,4,released,188,2
2023-11-08 00:23:21.552,k,5,pressed,226,2
2023-11-08 00:23:21.735,k,5,released,237,2
2023-11-08 00:23:22.769,r,6,pressed,299,2
2023-11-08 00:23:22.919,r,6,released,308,2
2023-11-08 00:23:23.185,w,7,pressed,324,2
2023-11-08 00:23:23.352,w,7,released,334,2
2023-11-08 00:23:23.551,y,8,pressed,346,2
2023-11-08 00:23:23.685,y,8,released,354,2
2023-11-08 00:23:23.968,n,9,pressed,371,2
2023-11-08 00:23:24.218,n,9,released,386,2
2023-11-08 00:23:24.684,m,10,pressed,414,2
2023-11-08 00:23:24.901,m,10,released,427,2
2023-11-08 00:23:25.601,v,11,pressed,469,2
2023-11-08 00:23:25.801,v,11,released,481,2
2023-11-08 00:23:26.185,a,12,pressed,504,2
2023-11-08 00:23:26.318,a,12,released,512,2
2023-11-08 00:23:27.468,b,13,pressed,581,2
2023-11-08 00:23:27.601,b,13,released,589,2
2023-11-08 00:23:28.018,j,14,pressed,614,2
2023-11-08 00:23:28.217,j,14,released,626,2
2023-11-08 00:23:28.851,d,26,pressed,664,2
2023-11-08 00:23:29.051,d,26,released,676,3
2023-11-08 00:23:29.268,f,15,pressed,689,3
2023-11-08 00:23:29.434,f,15,released,699,3
2023-11-08 00:23:29.584,p,16,pressed,708,3
2023-11-08 00:23:29.801,p,16,released,721,3
2023-11-08 00:23:29.818,g,17,pressed,722,3
2023-11-08 00:23:30.034,g,17,released,735,3
2023-11-08 00:23:30.584,u,23,pressed,768,3
2023-11-08 00:23:30.784,u,23,released,780,4
2023-11-08 00:23:31.367,i,18,pressed,815,4
2023-11-08 00:23:31.567,i,18,released,827,4
2023-11-08 00:23:31.750,l,19,pressed,838,4
2023-11-08 00:23:31.934,l,19,released,849,4
2023-11-08 00:23:32.333,o,20,pressed,873,4
2023-11-08 00:23:32.533,o,20,released,885,4
2023-11-08 00:23:32.951,q,21,pressed,910,4
2023-11-08 00:23:33.167,q,21,released,923,4
2023-11-08 00:23:33.383,c,22,pressed,936,4
2023-11-08 00:23:33.617,c,22,released,950,4
2023-11-08 00:23:33.784,y,8,pressed,960,4
2023-11-08 00:23:33.934,y,8,released,969,5
2023-11-08 00:23:34.233,u,23,pressed,987,5
2023-11-08 00:23:34.401,e,24,pressed,997,5
2023-11-08 00:23:34.433,u,23,released,999,5
2023-11-08 00:23:34.567,e,24,released,1007,5
2023-11-08 00:23:34.816,o,20,pressed,1022,5
2023-11-08 00:23:34.967,o,20,released,1031,6
2023-11-08 00:23:35.217,t,25,pressed,1046,6
2023-11-08 00:23:35.367,t,25,released,1055,6
2023-11-08 00:23:35.550,d,26,pressed,1066,6
2023-11-08 00:23:35.566,N/A,N/A,end,N/A,N/A
2023-11-08 00:23:40.550,N/A,N/A,start,N/A,N/A
2023-11-08 00:23:41.333,d,26,pressed,47,0
2023-11-08 00:23:41.516,d,26,released,58,1
2023-11-08 00:23:41.583,f,1,pressed,62,1
2023-11-08 00:23:41.750,f,1,released,72,1
2023-11-08 00:23:41.883,k,3,pressed,80,1
2023-11-08 00:23:42.050,k,3,released,90,2
2023-11-08 00:23:42.499,j,2,pressed,117,2
2023-11-08 00:23:42.633,k,3,pressed,125,2
2023-11-08 00:23:42.650,j,2,released,126,2
2023-11-08 00:23:42.816,k,3,released,136,2
2023-11-08 00:23:42.966,h,4,pressed,145,2
2023-11-08 00:23:43.183,h,4,released,158,2
2023-11-08 00:23:43.466,q,9,pressed,175,2
2023-11-08 00:23:43.633,q,9,released,185,3
2023-11-08 00:23:43.916,w,5,pressed,202,3
2023-11-08 00:23:44.082,w,5,released,212,3
2023-11-08 00:23:44.249,t,6,pressed,222,3
2023-11-08 00:23:44.400,t,6,released,231,3
2023-11-08 00:23:44.866,p,7,pressed,259,3
2023-11-08 00:23:45.083,p,7,released,272,3
2023-11-08 00:23:45.249,e,8,pressed,282,3
2023-11-08 00:23:45.449,e,8,released,294,3
2023-11-08 00:23:45.899,q,9,pressed,321,3
2023-11-08 00:23:46.116,q,9,released,334,3
2023-11-08 00:23:47.133,c,23,pressed,395,3
2023-11-08 00:23:47.332,c,23,released,407,4
2023-11-08 00:23:47.582,x,10,pressed,422,4
2023-11-08 00:23:47.715,x,10,released,430,4
2023-11-08 00:23:47.799,k,3,pressed,435,4
2023-11-08 00:23:47.999,k,3,released,447,5
2023-11-08 00:23:48.415,l,11,pressed,472,5
2023-11-08 00:23:48.615,l,11,released,484,5
2023-11-08 00:23:48.799,i,12,pressed,495,5
2023-11-08 00:23:48.999,i,12,released,507,5
2023-11-08 00:23:49.265,g,13,pressed,523,5
2023-11-08 00:23:49.448,g,13,released,534,5
2023-11-08 00:23:51.182,n,14,pressed,638,5
2023-11-08 00:23:51.415,n,14,released,652,5
2023-11-08 00:23:51.515,z,15,pressed,658,5
2023-11-08 00:23:51.698,z,15,released,669,5
2023-11-08 00:23:51.782,v,16,pressed,674,5
2023-11-08 00:23:51.998,v,16,released,687,5
2023-11-08 00:23:52.698,o,17,pressed,729,5
2023-11-08 00:23:52.865,o,17,released,739,5
2023-11-08 00:23:53.231,t,6,pressed,761,5
2023-11-08 00:23:53.398,t,6,released,771,6
2023-11-08 00:23:54.248,r,18,pressed,822,6
2023-11-08 00:23:54.414,r,18,released,832,6
2023-11-08 00:23:55.064,y,19,pressed,871,6
2023-11-08 00:23:55.247,y,19,released,882,6
2023-11-08 00:23:55.581,u,20,pressed,902,6
2023-11-08 00:23:55.764,u,20,released,913,6
2023-11-08 00:23:56.931,m,21,pressed,983,6
2023-11-08 00:23:57.114,m,21,released,994,6
2023-11-08 00:23:57.431,c,23,pressed,1013,6
2023-11-08 00:23:57.631,c,23,released,1025,7
2023-11-08 00:23:58.081,s,22,pressed,1052,7
2023-11-08 00:23:58.247,s,22,released,1062,7
2023-11-08 00:23:58.381,c,23,pressed,1070,7
2023-11-08 00:23:58.581,c,23,released,1082,7
2023-11-08 00:23:58.797,a,24,pressed,1095,7
2023-11-08 00:23:58.980,a,24,released,1106,7
2023-11-08 00:23:59.264,b,25,pressed,1123,7
2023-11-08 00:23:59.447,b,25,released,1134,7
2023-11-08 00:23:59.514,f,1,pressed,1138,7
2023-11-08 00:23:59.697,f,1,released,1149,8
2023-11-08 00:24:00.180,d,26,pressed,1178,8
2023-11-08 00:24:00.197,N/A,N/A,end,N/A,N/A
2023-11-08 00:24:38.625,N/A,N/A,start,N/A,N/A
2023-11-08 00:24:39.176,a,1,pressed,32,0
2023-11-08 00:24:39.308,a,1,released,40,0
2023-11-08 00:24:40.707,o,2,pressed,124,0
2023-11-08 00:24:40.874,o,2,released,134,0
2023-11-08 00:24:41.274,f,3,pressed,158,0
2023-11-08 00:24:41.457,f,3,released,169,0
2023-11-08 00:24:41.774,p,4,pressed,188,0
2023-11-08 00:24:41.941,p,4,released,198,0
2023-11-08 00:24:42.074,z,5,pressed,206,0
2023-11-08 00:24:42.257,z,5,released,217,0
2023-11-08 00:24:42.507,j,6,pressed,232,0
2023-11-08 00:24:42.674,j,6,released,242,0
2023-11-08 00:24:42.907,h,7,pressed,256,0
2023-11-08 00:24:43.107,h,7,released,268,0
2023-11-08 00:24:43.342,i,8,pressed,282,0
2023-11-08 00:24:43.540,i,8,released,294,0
2023-11-08 00:24:43.723,c,17,pressed,305,0
2023-11-08 00:24:43.957,c,17,released,319,1
2023-11-08 00:24:44.323,v,9,pressed,341,1
2023-11-08 00:24:44.507,v,9,released,352,1
2023-11-08 00:24:46.289,t,10,pressed,459,1
2023-11-08 00:24:46.506,t,10,released,472,1
2023-11-08 00:24:46.923,w,11,pressed,497,1
2023-11-08 00:24:47.106,w,11,released,508,1
2023-11-08 00:24:47.456,e,12,pressed,529,1
2023-11-08 00:24:47.673,e,12,released,542,1
2023-11-08 00:24:48.090,b,13,pressed,567,1
2023-11-08 00:24:48.273,b,13,released,578,1
2023-11-08 00:24:48.623,m,14,pressed,599,1
2023-11-08 00:24:48.873,m,14,released,614,1
2023-11-08 00:24:49.906,q,15,pressed,676,1
2023-11-08 00:24:50.073,q,15,released,686,1
2023-11-08 00:24:50.589,l,16,pressed,717,1
2023-11-08 00:24:50.756,l,16,released,727,1
2023-11-08 00:24:51.539,x,25,pressed,774,1
2023-11-08 00:24:51.789,x,25,released,789,2
2023-11-08 00:24:52.106,c,17,pressed,808,2
2023-11-08 00:24:52.339,c,17,released,822,2
2023-11-08 00:24:52.357,k,18,pressed,823,2
2023-11-08 00:24:52.555,k,18,released,835,2
2023-11-08 00:24:52.772,g,19,pressed,848,2
2023-11-08 00:24:53.006,g,19,released,862,2
2023-11-08 00:24:53.522,e,12,pressed,893,2
2023-11-08 00:24:53.706,e,12,released,904,3
2023-11-08 00:24:53.956,r,20,pressed,919,3
2023-11-08 00:24:54.139,r,20,released,930,3
2023-11-08 00:24:54.222,y,21,pressed,935,3
2023-11-08 00:24:54.322,l,16,pressed,941,3
2023-11-08 00:24:54.389,l,16,released,945,4
2023-11-08 00:24:54.456,y,21,released,949,4
2023-11-08 00:24:54.822,s,22,pressed,971,4
2023-11-08 00:24:54.972,s,22,released,980,4
2023-11-08 00:24:55.323,i,8,pressed,1001,4
2023-11-08 00:24:55.505,i,8,released,1012,5
2023-11-08 00:24:55.955,u,23,pressed,1039,5
2023-11-08 00:24:56.155,u,23,released,1051,5
2023-11-08 00:24:56.188,n,24,pressed,1053,5
2023-11-08 00:24:56.372,n,24,released,1064,5
2023-11-08 00:24:56.589,x,25,pressed,1077,5
2023-11-08 00:24:56.739,x,25,released,1086,5
2023-11-08 00:24:56.905,d,26,pressed,1096,5
2023-11-08 00:24:56.922,N/A,N/A,end,N/A,N/A
2023-11-08 00:25:02.438,N/A,N/A,start,N/A,N/A
2023-11-08 00:25:03.688,m,1,pressed,75,0
2023-11-08 00:25:03.904,m,1,released,88,0
2023-11-08 00:25:03.987,g,2,pressed,93,0
2023-11-08 00:25:04.171,g,2,released,104,0
2023-11-08 00:25:04.438,l,3,pressed,120,0
2023-11-08 00:25:04.605,l,3,released,130,0
2023-11-08 00:25:05.471,n,4,pressed,182,0
2023-11-08 00:25:05.670,n,4,released,194,0
2023-11-08 00:25:05.870,z,5,pressed,206,0
2023-11-08 00:25:06.004,z,5,released,214,0
2023-11-08 00:25:06.353,q,6,pressed,235,0
2023-11-08 00:25:06.587,q,6,released,249,0
2023-11-08 00:25:06.637,k,7,pressed,252,0
2023-11-08 00:25:06.837,k,7,released,264,0
2023-11-08 00:25:06.987,a,8,pressed,273,0
2023-11-08 00:25:07.154,a,8,released,283,0
2023-11-08 00:25:07.287,j,9,pressed,291,0
2023-11-08 00:25:07.470,j,9,released,302,0
2023-11-08 00:25:07.670,r,10,pressed,314,0
2023-11-08 00:25:07.870,r,10,released,326,0
2023-11-08 00:25:08.720,p,11,pressed,377,0
2023-11-08 00:25:08.953,p,11,released,391,0
2023-11-08 00:25:10.053,h,12,pressed,457,0
2023-11-08 00:25:10.253,h,12,released,469,0
2023-11-08 00:25:10.570,t,13,pressed,488,0
2023-11-08 00:25:10.769,t,13,released,500,0
2023-11-08 00:25:12.119,o,18,pressed,581,0
2023-11-08 00:25:12.303,o,18,released,592,1
2023-11-08 00:25:12.670,i,14,pressed,614,1
2023-11-08 00:25:12.855,i,14,released,625,1
2023-11-08 00:25:12.969,u,15,pressed,632,1
2023-11-08 00:25:13.169,u,15,released,644,1
2023-11-08 00:25:13.353,f,16,pressed,655,1
2023-11-08 00:25:13.569,f,16,released,668,1
2023-11-08 00:25:13.969,c,17,pressed,692,1
2023-11-08 00:25:14.252,c,17,released,709,1
2023-11-08 00:25:14.602,o,18,pressed,730,1
2023-11-08 00:25:14.836,o,18,released,744,1
2023-11-08 00:25:16.636,n,4,pressed,852,1
2023-11-08 00:25:16.852,n,4,released,865,2
2023-11-08 00:25:17.169,b,19,pressed,884,2
2023-11-08 00:25:17.370,b,19,released,896,2
2023-11-08 00:25:17.435,s,20,pressed,900,2
2023-11-08 00:25:17.468,d,21,pressed,902,2
2023-11-08 00:25:17.618,s,20,released,911,2
2023-11-08 00:25:17.652,d,21,released,913,2
2023-11-08 00:25:18.235,e,22,pressed,948,2
2023-11-08 00:25:18.419,e,22,released,959,2
2023-11-08 00:25:18.685,b,19,pressed,975,2
2023-11-08 00:25:18.869,b,19,released,986,3
2023-11-08 00:25:19.135,v,23,pressed,1002,3
2023-11-08 00:25:19.385,v,23,released,1017,3
2023-11-08 00:25:19.718,u,15,pressed,1037,3
2023-11-08 00:25:19.902,u,15,released,1048,4
2023-11-08 00:25:20.252,y,24,pressed,1069,4
2023-11-08 00:25:20.402,w,25,pressed,1078,4
2023-11-08 00:25:20.435,y,24,released,1080,4
2023-11-08 00:25:20.518,w,25,released,1085,4
2023-11-08 00:25:20.768,x,26,pressed,1100,4
2023-11-08 00:25:20.785,N/A,N/A,end,N/A,N/A
