Run Start Time,Total Time Taken (ms),Total Mistakes
2023-11-09 22:51:03.109,18629.0,7.0
2023-11-09 22:51:27.054,21914.0,5.0
2023-11-09 22:51:54.734,18331.0,6.0
2023-11-09 22:52:19.481,18931.0,2.0
2023-11-09 22:52:43.861,18063.0,4.0
2023-11-09 22:53:07.841,15214.0,4.0
2023-11-09 22:53:28.372,17347.0,3.0
2023-11-09 22:54:47.694,17064.0,7.0
2023-11-09 22:55:10.308,18647.0,7.0
2023-11-09 22:55:35.354,18114.0,3.0
2023-11-09 22:55:59.467,14815.0,3.0
2023-11-09 22:56:19.431,19731.0,5.0
2023-11-09 22:56:44.295,16464.0,2.0
2023-11-09 22:57:05.926,14830.0,5.0
2023-11-09 23:04:25.734,19064.0,3.0
2023-11-09 23:08:15.268,21214.0,4.0
2023-11-09 23:08:41.431,16631.0,4.0
2023-11-09 23:09:03.078,20547.0,6.0
2023-11-09 23:09:28.774,17347.0,2.0
2023-11-09 23:09:51.187,14482.0,3.0
2023-11-09 23:10:10.718,16966.0,5.0
2023-11-09 23:10:32.800,19081.0,4.0
2023-11-09 23:11:21.492,13398.0,1.0
2023-11-09 23:11:41.156,15814.0,2.0
2023-11-09 23:12:02.069,17765.0,2.0
2023-11-09 23:12:24.967,14965.0,6.0
2023-11-09 23:12:44.914,16848.0,6.0
2023-11-09 23:13:06.811,15596.0,2.0
2023-11-09 23:13:27.440,14814.0,4.0
2023-11-09 23:13:47.387,16648.0,6.0
2023-11-09 23:14:09.034,19667.0,9.0
2023-11-09 23:14:33.900,18498.0,2.0
2023-11-09 23:14:57.347,19098.0,3.0
2023-11-09 23:15:21.444,19331.0,3.0
2023-11-09 23:15:45.841,16814.0,6.0
2023-11-09 23:16:07.654,17881.0,5.0
2023-11-09 23:16:30.534,21364.0,5.0
2023-11-09 23:16:56.947,17096.0,5.0
2023-11-09 23:17:19.275,18732.0,9.0
2023-11-09 23:17:43.022,19231.0,4.0
2023-11-09 23:18:07.386,19363.0,5.0
2023-11-09 23:18:31.765,14948.0,1.0
2023-11-09 23:18:52.162,16297.999999999998,8.0
2023-11-09 23:19:13.678,15132.0,6.0
2023-11-09 23:19:33.692,17147.0,1.0
2023-11-09 23:19:55.873,18978.0,5.0
2023-11-09 23:20:22.617,15814.0,4.0
2023-11-09 23:20:43.381,17064.0,6.0
2023-11-09 23:21:05.461,21629.0,6.0
2023-11-09 23:21:34.173,18264.0,4.0
2023-11-09 23:21:57.603,16015.0,4.0
2023-11-09 23:22:18.652,16248.000000000002,3.0
2023-11-09 23:22:40.233,21446.0,6.0
2023-11-09 23:23:06.879,14697.0,6.0
2023-11-09 23:23:26.775,15865.0,4.0
2023-11-09 23:23:48.089,20514.0,4.0
2023-11-09 23:24:13.469,19599.0,3.0
2023-11-09 23:24:37.933,15932.0,2.0
2023-11-09 23:26:21.986,21164.0,4.0
2023-11-09 23:26:48.499,22014.0,9.0
2023-11-09 23:27:37.059,19414.0,5.0
2023-11-09 23:28:04.122,14580.0,2.0
2023-11-09 23:28:23.935,15764.0,2.0
2023-11-09 23:28:44.682,20064.0,4.0
2023-11-09 23:29:13.311,16133.0,3.0
